Customer_ID,Campaign_Date,Age,Annual_Income,Customer_Segment,Region,Campaign_Channel,Campaign_Type,Ad_Exposure_Count,Email_Opened,Ad_Clicked,Website_Visits_Last_30_Days,Previous_Purchases,Average_Order_Value,Discount_Offered_Percent,Days_Since_Last_Purchase,Loyalty_Score,Customer_Satisfaction,Social_Media_Engagement_Score,Prior_Campaign_Response,Converted
CUST-0001,2026-04-14,36,58196.0,New,British Columbia,Email,Brand Awareness,4,Yes,Yes,7,1,131.51,20,60,54,5.0,37,No,No
CUST-0002,2026-04-24,38,49043.0,Returning,Ontario,Email,Retargeting,5,Yes,Yes,10,5,27.61,20,73,80,8.0,50,No,No
CUST-0003,2026-02-01,21,45952.0,New,Ontario,Email,Discount Offer,4,Yes,No,6,0,104.65,25,39,14,8.0,55,No,Yes
CUST-0004,2026-02-28,18,107638.0,Loyal,British Columbia,Search Ads,Retargeting,4,Yes,Yes,6,12,135.31,20,32,73,7.0,23,No,Yes
CUST-0005,2026-03-01,50,89969.0,Returning,Quebec,Search Ads,New Product,1,Yes,No,12,4,27.49,5,5,40,7.0,45,No,No
CUST-0006,2026-02-08,61,54104.0,New,British Columbia,Search Ads,New Product,3,Yes,Yes,14,4,83.78,25,47,51,7.0,85,No,No
CUST-0007,2026-04-15,30,61294.0,Returning,Other,Email,Retargeting,6,Yes,Yes,7,7,39.9,10,36,68,6.0,38,No,Yes
CUST-0008,2026-03-12,39,24596.0,New,Quebec,Social Media,Discount Offer,5,Yes,No,2,0,47.57,20,39,23,7.0,45,Yes,Yes
CUST-0009,2026-02-25,42,63570.0,Loyal,Other,Email,Retargeting,4,Yes,Yes,6,6,74.36,20,1,57,8.0,47,Yes,Yes
CUST-0010,2026-01-07,30,24744.0,New,British Columbia,Search Ads,Discount Offer,6,No,No,6,1,52.16,15,47,35,9.0,1,No,No
CUST-0011,2026-03-26,46,58329.0,New,Ontario,Display Ads,New Product,3,No,No,6,0,119.15,30,50,37,5.0,30,No,No
CUST-0012,2026-04-24,19,72394.0,At Risk,Quebec,Search Ads,Brand Awareness,5,Yes,No,0,1,138.89,0,146,33,5.0,81,No,No
CUST-0013,2026-01-10,47,56489.0,New,Quebec,Search Ads,Discount Offer,3,Yes,No,4,2,117.9,15,75,35,6.0,0,No,No
CUST-0014,2026-01-14,49,50280.0,Returning,Ontario,Email,Discount Offer,3,Yes,No,2,9,,25,7,51,9.0,52,Yes,Yes
CUST-0015,2026-04-01,35,72018.0,New,British Columbia,Social Media,Retargeting,5,No,Yes,12,0,64.82,0,58,31,7.0,71,No,Yes
CUST-0016,2026-02-22,42,62528.0,At Risk,Quebec,SMS,Retargeting,3,Yes,Yes,12,2,84.28,10,99,40,7.0,65,No,No
CUST-0017,2026-01-29,37,22000.0,New,Alberta,Email,Discount Offer,2,No,No,5,0,97.25,25,45,59,8.0,70,No,Yes
CUST-0018,2026-01-23,47,51994.0,Loyal,Ontario,Display Ads,Brand Awareness,2,Yes,No,6,6,115.41,25,47,79,9.0,37,No,No
CUST-0019,2026-02-12,41,61366.0,Returning,Alberta,Social Media,New Product,4,No,Yes,6,3,83.58,30,1,52,7.0,24,No,No
CUST-0020,2026-03-16,41,56123.0,At Risk,British Columbia,Social Media,Discount Offer,3,No,No,6,5,41.29,25,122,24,6.0,78,No,No
CUST-0021,2026-04-09,32,83350.0,Loyal,Alberta,Social Media,Retargeting,3,Yes,No,0,7,83.78,30,19,94,8.0,70,No,Yes
CUST-0022,2026-04-13,47,35361.0,New,Quebec,Search Ads,Discount Offer,5,No,Yes,7,0,79.51,30,33,30,6.0,42,No,Yes
CUST-0023,2026-03-22,61,34388.0,Returning,Quebec,Display Ads,Retargeting,3,No,No,7,2,112.36,15,75,57,8.0,17,No,No
CUST-0024,2026-04-23,22,29665.0,New,Alberta,Social Media,Discount Offer,5,Yes,Yes,11,2,36.26,10,66,41,5.0,46,Yes,No
CUST-0025,2026-04-18,37,63633.0,Returning,Alberta,Display Ads,Retargeting,1,No,No,7,4,110.67,15,11,59,6.0,7,No,No
CUST-0026,2026-02-14,49,84062.0,New,Quebec,Social Media,Discount Offer,3,No,Yes,8,0,128.71,25,20,51,6.0,46,No,Yes
CUST-0027,2026-04-15,39,112191.0,New,Ontario,Email,Retargeting,6,No,No,3,1,142.93,10,41,35,5.0,13,No,Yes
CUST-0028,2026-03-10,25,51176.0,At Risk,Other,Search Ads,New Product,6,No,Yes,3,0,129.77,30,119,19,3.0,50,Yes,No
CUST-0029,2026-02-04,23,44047.0,Returning,Alberta,Display Ads,Discount Offer,5,No,No,7,0,26.29,15,50,64,6.0,18,No,No
CUST-0030,2026-01-25,39,63454.0,New,British Columbia,Social Media,New Product,8,No,No,2,1,53.71,10,51,19,8.0,47,Yes,Yes
CUST-0031,2026-02-28,35,36971.0,Loyal,British Columbia,Search Ads,New Product,4,Yes,No,3,6,119.14,15,1,77,10.0,41,Yes,Yes
CUST-0032,2026-04-01,37,73155.0,New,Quebec,Email,Retargeting,4,Yes,No,6,3,84.01,10,95,31,6.0,61,No,No
CUST-0033,2026-03-15,33,120837.0,Returning,Ontario,Search Ads,Retargeting,1,No,No,5,2,117.5,0,34,85,7.0,47,No,No
CUST-0034,2026-01-28,44,66133.0,Returning,Other,Social Media,Discount Offer,4,No,Yes,6,0,139.72,30,55,57,6.0,37,Yes,Yes
CUST-0035,2026-03-11,18,76219.0,Returning,Quebec,Email,Brand Awareness,4,Yes,Yes,12,5,40.32,10,45,62,5.0,14,No,Yes
CUST-0036,2026-02-11,18,72250.0,New,Alberta,Email,New Product,5,No,No,1,1,78.06,10,72,18,6.0,47,No,No
CUST-0037,2026-02-14,39,77654.0,Loyal,Quebec,Display Ads,Discount Offer,4,No,No,0,6,111.24,30,43,89,10.0,25,Yes,Yes
CUST-0038,2026-02-22,27,57534.0,New,Quebec,Social Media,Brand Awareness,4,No,No,6,1,83.75,30,61,21,7.0,91,No,Yes
CUST-0039,2026-01-16,21,58449.0,Returning,Ontario,Social Media,Discount Offer,5,No,No,6,7,93.28,15,51,72,6.0,73,No,No
CUST-0040,2026-03-06,36,90997.0,Returning,Quebec,Search Ads,New Product,7,No,No,6,5,50.37,5,11,65,6.0,47,No,Yes
CUST-0041,2026-02-10,25,97398.0,Loyal,British Columbia,Search Ads,Retargeting,4,Yes,Yes,7,11,70.32,5,23,92,8.0,9,Yes,Yes
CUST-0042,2026-01-20,53,50844.0,Returning,Alberta,Search Ads,Retargeting,1,No,Yes,8,3,135.93,0,62,42,7.0,38,No,Yes
CUST-0043,2026-02-25,25,65397.0,Returning,Ontario,Social Media,Discount Offer,2,No,No,9,3,117.94,10,16,75,8.0,100,No,No
CUST-0044,2026-04-27,39,27749.0,New,Ontario,Email,Discount Offer,3,Yes,No,5,1,108.15,25,54,39,7.0,19,No,No
CUST-0045,2026-01-14,39,93162.0,Returning,Alberta,Search Ads,New Product,3,Yes,No,8,5,95.98,15,25,43,5.0,100,No,Yes
CUST-0046,2026-01-29,23,49435.0,At Risk,Other,Email,Brand Awareness,3,No,No,8,4,95.27,15,120,3,5.0,26,No,No
CUST-0047,2026-02-16,24,39200.0,Loyal,Alberta,Search Ads,Brand Awareness,6,Yes,Yes,8,7,90.63,10,6,94,9.0,78,No,Yes
CUST-0048,2026-01-12,57,40562.0,New,Quebec,Display Ads,Retargeting,3,Yes,No,2,4,147.79,30,33,16,4.0,67,No,No
CUST-0049,2026-02-08,52,64383.0,Returning,British Columbia,Search Ads,New Product,6,Yes,Yes,2,0,29.55,10,49,52,9.0,57,No,Yes
CUST-0050,2026-02-05,40,66485.0,New,Ontario,SMS,Discount Offer,2,No,No,4,0,46.41,25,64,46,7.0,56,No,Yes
CUST-0051,2026-01-07,29,79305.0,At Risk,Ontario,Display Ads,Brand Awareness,1,No,No,2,2,109.33,30,99,24,5.0,72,No,No
CUST-0052,2026-02-15,38,73404.0,Returning,British Columbia,Email,Discount Offer,4,Yes,Yes,16,8,91.59,30,1,51,9.0,70,Yes,Yes
CUST-0053,2026-01-04,38,81404.0,New,British Columbia,Email,New Product,3,No,No,1,3,119.78,20,90,41,7.0,22,No,Yes
CUST-0054,2026-04-09,25,64935.0,Loyal,Other,Social Media,Discount Offer,6,Yes,Yes,13,5,58.75,30,1,79,8.0,48,No,Yes
CUST-0055,2026-04-14,18,77481.0,At Risk,Alberta,Social Media,New Product,2,No,No,4,3,143.07,15,84,54,6.0,69,No,Yes
CUST-0056,2026-03-13,65,82282.0,Returning,Quebec,Search Ads,Retargeting,5,No,Yes,7,2,74.69,20,21,57,5.0,46,No,Yes
CUST-0057,2026-01-19,39,33345.0,Loyal,Other,Display Ads,Retargeting,1,Yes,No,2,8,50.1,5,12,100,9.0,32,Yes,Yes
CUST-0058,2026-02-24,32,69104.0,Loyal,British Columbia,Email,Discount Offer,2,Yes,No,6,8,43.96,30,40,100,9.0,44,Yes,Yes
CUST-0059,2026-04-06,29,68259.0,Loyal,Quebec,Email,Discount Offer,2,Yes,Yes,6,8,87.16,15,21,89,,61,Yes,Yes
CUST-0060,2026-02-11,48,81683.0,New,British Columbia,Search Ads,New Product,1,No,No,7,2,107.93,15,16,25,5.0,47,Yes,Yes
CUST-0061,2026-04-15,50,54104.0,Loyal,Quebec,Social Media,Discount Offer,2,Yes,No,6,7,57.88,15,6,81,5.0,49,No,Yes
CUST-0062,2026-03-02,53,75509.0,New,British Columbia,Email,Discount Offer,4,No,No,1,1,44.75,25,32,47,6.0,60,No,No
CUST-0063,2026-04-27,36,56255.0,New,Ontario,Social Media,New Product,5,Yes,No,10,3,113.21,20,23,21,7.0,90,Yes,No
CUST-0064,2026-04-10,31,46192.0,Returning,Ontario,Email,Discount Offer,5,No,No,3,4,102.82,30,2,55,5.0,79,No,Yes
CUST-0065,2026-01-17,20,39600.0,Loyal,Ontario,Email,Brand Awareness,3,Yes,No,9,9,54.31,20,1,55,7.0,71,No,Yes
CUST-0066,2026-01-25,47,54808.0,Returning,Alberta,Display Ads,Brand Awareness,5,No,No,0,2,53.76,10,55,59,8.0,35,No,No
CUST-0067,2026-01-06,41,68706.0,Loyal,Alberta,Email,Retargeting,4,Yes,No,4,9,113.44,5,33,100,6.0,8,No,Yes
CUST-0068,2026-01-21,34,47501.0,Returning,British Columbia,Email,New Product,2,No,No,4,5,51.16,20,61,56,7.0,63,No,No
CUST-0069,2026-02-14,40,50609.0,New,Alberta,Search Ads,New Product,7,No,Yes,16,2,113.56,20,65,47,7.0,36,No,No
CUST-0070,2026-01-20,27,73266.0,Returning,Ontario,Social Media,Discount Offer,3,No,No,6,4,98.08,20,54,37,5.0,66,Yes,No
CUST-0071,2026-03-15,36,58158.0,New,Ontario,Email,Discount Offer,1,Yes,No,3,1,123.3,25,31,15,5.0,41,No,No
CUST-0072,2026-01-14,38,57230.0,At Risk,Quebec,Email,New Product,3,No,No,2,3,25.0,10,44,29,4.0,56,No,No
CUST-0073,2026-02-09,41,60161.0,New,Alberta,Social Media,Discount Offer,2,No,No,3,0,89.83,30,41,44,6.0,54,No,No
CUST-0074,2026-04-29,52,60119.0,New,Ontario,Display Ads,New Product,4,Yes,Yes,4,0,98.7,15,68,26,7.0,37,No,No
CUST-0075,2026-01-08,37,71085.0,Returning,Other,Social Media,Discount Offer,3,Yes,Yes,11,2,67.26,20,1,65,8.0,32,No,Yes
CUST-0076,2026-01-10,44,48424.0,Loyal,Other,Search Ads,Discount Offer,2,No,No,6,8,86.33,30,1,89,8.0,21,Yes,Yes
CUST-0077,2026-02-27,41,40213.0,Loyal,Ontario,Email,Brand Awareness,3,Yes,Yes,6,7,70.16,20,2,75,10.0,30,No,Yes
CUST-0078,2026-01-18,38,44758.0,Loyal,Other,SMS,Brand Awareness,1,No,No,4,9,109.12,25,49,65,6.0,30,Yes,Yes
CUST-0079,2026-01-17,37,41197.0,Returning,Other,Social Media,Discount Offer,4,No,Yes,6,6,25.0,20,28,66,8.0,86,No,No
CUST-0080,2026-01-17,41,31127.0,New,Quebec,SMS,Retargeting,4,Yes,Yes,9,2,63.48,20,86,18,6.0,73,No,No
CUST-0081,2026-03-23,34,55582.0,Loyal,Quebec,Search Ads,Discount Offer,1,Yes,No,0,12,101.12,10,1,67,7.0,11,Yes,Yes
CUST-0082,2026-03-07,49,44253.0,Loyal,Ontario,Social Media,Retargeting,2,No,Yes,11,6,81.04,20,47,100,7.0,100,No,Yes
CUST-0083,2026-03-05,47,51624.0,New,Ontario,Email,Discount Offer,6,Yes,No,5,5,98.4,25,68,38,7.0,66,No,Yes
CUST-0084,2026-03-13,37,86576.0,At Risk,Ontario,Email,Discount Offer,3,No,No,3,0,29.59,15,84,28,6.0,36,Yes,Yes
CUST-0085,2026-01-18,40,53877.0,Returning,Ontario,Display Ads,Retargeting,3,No,Yes,15,3,127.11,10,32,58,6.0,16,Yes,No
CUST-0086,2026-03-28,37,70857.0,New,Ontario,Display Ads,Retargeting,1,Yes,No,0,0,,20,34,13,6.0,29,No,Yes
CUST-0087,2026-03-29,58,45668.0,At Risk,British Columbia,Display Ads,New Product,4,No,No,8,1,80.87,15,102,39,6.0,11,No,No
CUST-0088,2026-02-10,22,31327.0,New,Quebec,Social Media,New Product,2,Yes,No,2,0,106.23,25,18,41,7.0,55,No,No
CUST-0089,2026-03-13,23,68808.0,Returning,Alberta,Search Ads,Brand Awareness,4,No,No,2,3,117.51,10,39,36,6.0,18,No,No
CUST-0090,2026-03-13,40,45125.0,New,Ontario,Search Ads,Retargeting,6,No,Yes,4,1,75.11,15,27,15,7.0,82,No,No
CUST-0091,2026-03-02,48,85107.0,Returning,British Columbia,Email,New Product,3,Yes,No,4,7,130.52,0,99,49,,68,No,No
CUST-0092,2026-04-22,47,115870.0,Returning,Other,Search Ads,Discount Offer,1,No,No,3,5,96.09,15,106,34,6.0,57,No,No
CUST-0093,2026-02-13,39,59900.0,Returning,Other,Email,Discount Offer,6,Yes,No,4,5,53.3,25,16,77,6.0,13,Yes,No
CUST-0094,2026-03-16,19,46705.0,New,Alberta,Display Ads,Retargeting,3,No,No,4,2,103.6,5,73,35,5.0,47,No,No
CUST-0095,2026-02-17,55,64300.0,Loyal,Ontario,Email,Discount Offer,2,No,No,6,7,102.94,20,28,100,7.0,45,No,Yes
CUST-0096,2026-03-08,25,54443.0,Returning,Ontario,Search Ads,Discount Offer,4,Yes,Yes,7,0,142.42,10,7,53,6.0,36,No,Yes
CUST-0097,2026-01-09,29,30347.0,Returning,Quebec,Display Ads,Discount Offer,5,No,No,7,3,46.56,20,51,36,7.0,38,No,No
CUST-0098,2026-01-23,61,79235.0,At Risk,Ontario,Social Media,Discount Offer,5,No,No,8,0,145.01,30,114,22,4.0,18,No,No
CUST-0099,2026-02-23,33,53013.0,At Risk,British Columbia,Display Ads,Retargeting,4,No,No,2,2,87.16,5,121,24,8.0,40,No,No
CUST-0100,2026-04-04,32,104479.0,New,Quebec,Email,New Product,2,No,No,5,1,62.36,30,61,38,6.0,23,No,No
CUST-0101,2026-02-18,37,28537.0,Loyal,Alberta,Email,Retargeting,2,Yes,Yes,10,10,128.52,25,1,74,7.0,61,No,Yes
CUST-0102,2026-04-29,41,52444.0,New,British Columbia,Social Media,New Product,5,No,No,3,0,120.67,15,34,27,6.0,65,No,No
CUST-0103,2026-04-05,27,81737.0,Loyal,Ontario,Email,Brand Awareness,4,No,No,5,7,72.13,5,32,72,8.0,40,No,Yes
CUST-0104,2026-02-10,51,61932.0,New,Ontario,Search Ads,Retargeting,1,No,No,3,0,,20,69,24,7.0,8,No,No
CUST-0105,2026-03-24,29,78509.0,Returning,Ontario,Email,Discount Offer,6,Yes,Yes,7,4,137.5,20,14,40,7.0,82,No,Yes
CUST-0106,2026-01-02,19,70708.0,Returning,Quebec,Email,Discount Offer,8,No,No,0,4,77.63,25,37,43,,28,No,Yes
CUST-0107,2026-04-28,33,64120.0,Loyal,Other,SMS,Brand Awareness,6,Yes,Yes,12,7,181.89,0,1,81,6.0,64,Yes,Yes
CUST-0108,2026-02-18,42,73560.0,,Ontario,Display Ads,New Product,2,No,No,7,4,142.94,30,99,79,7.0,37,No,No
CUST-0109,2026-03-26,39,63046.0,New,Quebec,Social Media,Retargeting,1,Yes,No,2,2,92.59,30,38,18,6.0,100,No,Yes
CUST-0110,2026-03-06,29,79234.0,At Risk,British Columbia,Search Ads,Brand Awareness,3,No,Yes,14,3,123.47,20,65,18,7.0,83,No,No
CUST-0111,2026-01-11,65,56348.0,New,Quebec,Email,Brand Awareness,4,No,No,3,3,91.55,5,24,14,8.0,11,No,No
CUST-0112,2026-02-22,45,57344.0,New,Ontario,Email,Retargeting,5,Yes,No,4,1,119.49,30,40,34,7.0,51,No,Yes
CUST-0113,2026-02-25,50,85647.0,Returning,Alberta,Display Ads,Discount Offer,5,No,No,4,1,121.33,15,34,52,7.0,33,Yes,Yes
CUST-0114,2026-03-18,51,50178.0,Returning,British Columbia,SMS,New Product,7,No,No,5,4,27.8,15,63,62,6.0,21,No,Yes
CUST-0115,2026-01-24,57,39073.0,New,Other,Social Media,Retargeting,8,Yes,No,1,1,78.25,30,73,37,5.0,70,No,No
CUST-0116,2026-03-16,18,,Returning,Quebec,Search Ads,Discount Offer,2,No,No,0,0,79.28,15,49,70,6.0,58,No,Yes
CUST-0117,2026-02-25,18,59944.0,Loyal,Alberta,Social Media,New Product,5,No,Yes,10,8,136.72,5,13,78,10.0,45,No,Yes
CUST-0118,2026-02-13,49,74690.0,Loyal,British Columbia,Search Ads,Discount Offer,4,Yes,Yes,6,4,86.49,15,22,87,8.0,59,Yes,Yes
CUST-0119,2026-03-01,21,68764.0,Returning,British Columbia,Social Media,Discount Offer,6,Yes,No,9,6,57.03,30,6,56,5.0,38,No,Yes
CUST-0120,2026-03-27,31,69893.0,Loyal,Ontario,Social Media,Brand Awareness,4,Yes,No,8,9,145.19,30,26,64,9.0,30,Yes,No
CUST-0121,2026-02-19,43,31065.0,Returning,Quebec,Search Ads,Discount Offer,3,No,No,6,0,59.23,25,66,54,8.0,57,Yes,Yes
CUST-0122,2026-03-13,45,76019.0,New,British Columbia,Search Ads,Brand Awareness,5,No,No,3,1,76.28,0,74,57,4.0,27,No,No
CUST-0123,2026-03-11,38,28590.0,Returning,Quebec,Display Ads,Discount Offer,4,Yes,No,4,5,51.78,20,31,60,6.0,13,Yes,No
CUST-0124,2026-01-27,36,34585.0,New,Quebec,Search Ads,Retargeting,6,Yes,No,5,0,113.09,10,49,38,6.0,49,No,No
CUST-0125,2026-01-18,33,44597.0,Loyal,Ontario,Search Ads,Discount Offer,3,Yes,Yes,11,8,61.4,15,9,50,7.0,0,No,No
CUST-0126,2026-04-09,35,72962.0,At Risk,Ontario,Display Ads,Retargeting,1,Yes,No,7,0,72.04,20,70,16,4.0,35,No,Yes
CUST-0127,2026-02-11,41,44320.0,At Risk,Other,Social Media,Discount Offer,3,Yes,No,4,0,28.78,30,104,33,4.0,97,No,No
CUST-0128,2026-04-22,29,86613.0,Returning,Ontario,Social Media,Brand Awareness,4,No,No,5,7,144.28,15,1,69,3.0,100,No,No
CUST-0129,2026-02-13,24,57177.0,New,Other,Social Media,Discount Offer,6,No,No,4,0,53.32,15,18,51,7.0,34,Yes,No
CUST-0130,2026-02-26,50,60286.0,New,Quebec,Email,Brand Awareness,5,No,Yes,14,2,25.0,25,63,34,6.0,41,No,Yes
CUST-0131,2026-04-10,42,97561.0,At Risk,Quebec,Search Ads,Discount Offer,4,Yes,No,4,0,129.81,15,93,35,3.0,32,No,No
CUST-0132,2026-01-17,60,69151.0,At Risk,Quebec,Email,Discount Offer,1,No,No,7,2,123.15,20,70,20,8.0,32,No,No
CUST-0133,2026-03-10,44,42506.0,Returning,Quebec,Email,Retargeting,6,Yes,Yes,8,6,66.83,10,15,46,5.0,59,Yes,Yes
CUST-0134,2026-03-19,40,69526.0,New,Other,SMS,Discount Offer,2,No,No,8,0,65.19,25,54,31,7.0,54,No,Yes
CUST-0135,2026-02-04,29,34147.0,New,Ontario,Email,Discount Offer,2,Yes,No,5,0,108.35,25,44,63,6.0,36,No,No
CUST-0136,2026-04-30,35,121575.0,Returning,Quebec,Social Media,Discount Offer,4,Yes,No,3,6,77.32,15,27,57,7.0,39,Yes,No
CUST-0137,2026-04-10,40,100687.0,Loyal,Ontario,Search Ads,Discount Offer,4,No,Yes,8,5,25.85,15,17,77,8.0,5,No,No
CUST-0138,2026-04-18,52,48965.0,New,Quebec,Email,Discount Offer,6,No,No,2,0,83.85,25,34,35,6.0,28,No,No
CUST-0139,2026-04-06,42,81836.0,Loyal,British Columbia,Social Media,Discount Offer,4,Yes,No,0,10,112.84,10,15,100,7.0,24,Yes,Yes
CUST-0140,2026-03-16,43,68655.0,Loyal,Quebec,Email,New Product,5,Yes,Yes,12,4,129.64,10,10,92,9.0,48,No,Yes
CUST-0141,2026-02-15,48,76812.0,Returning,Ontario,Email,Retargeting,1,No,Yes,13,2,31.44,25,21,52,7.0,32,No,Yes
CUST-0142,2026-03-24,47,67612.0,Loyal,Other,Email,Retargeting,1,Yes,Yes,11,8,92.22,30,21,72,8.0,63,No,Yes
CUST-0143,2026-03-29,18,36691.0,New,Ontario,SMS,Brand Awareness,4,No,No,3,4,133.86,0,65,50,7.0,22,Yes,No
CUST-0144,2026-02-18,22,100194.0,New,Ontario,Social Media,Brand Awareness,1,No,No,2,0,103.05,15,60,42,7.0,32,No,No
CUST-0145,2026-03-26,22,44532.0,Returning,Quebec,SMS,New Product,5,Yes,Yes,14,8,66.52,15,77,34,7.0,100,Yes,Yes
CUST-0146,2026-03-14,37,23927.0,Loyal,Other,Display Ads,New Product,3,No,No,13,5,82.43,10,33,89,6.0,46,No,No
CUST-0147,2026-01-03,36,48894.0,At Risk,Quebec,Display Ads,Discount Offer,3,No,Yes,11,3,49.43,15,97,45,6.0,79,No,Yes
CUST-0148,2026-03-30,26,58585.0,New,Ontario,Social Media,Discount Offer,2,No,No,2,0,42.36,30,108,44,3.0,47,No,No
CUST-0149,2026-01-29,29,48457.0,Loyal,Ontario,Display Ads,Brand Awareness,3,Yes,No,6,4,50.22,30,24,81,6.0,12,No,No
CUST-0150,2026-02-19,49,77674.0,Returning,Ontario,Email,Discount Offer,1,No,No,0,3,60.68,15,35,63,7.0,52,Yes,Yes
CUST-0151,2026-01-22,31,68418.0,Returning,Ontario,Display Ads,New Product,5,No,No,0,4,126.26,30,46,48,6.0,91,Yes,No
CUST-0152,2026-04-04,40,69361.0,At Risk,Ontario,SMS,Retargeting,6,No,No,2,0,65.42,0,108,35,6.0,73,No,No
CUST-0153,2026-03-04,32,46355.0,New,Quebec,Social Media,New Product,4,Yes,No,5,0,51.21,0,64,36,6.0,71,No,No
CUST-0154,2026-03-12,29,59032.0,Returning,Quebec,Social Media,Discount Offer,6,Yes,No,4,8,66.19,25,29,69,7.0,12,No,Yes
CUST-0155,2026-01-23,26,79424.0,At Risk,Other,Search Ads,New Product,4,No,No,7,4,102.63,20,106,9,4.0,34,No,No
CUST-0156,2026-02-28,42,75171.0,New,Ontario,Email,Brand Awareness,5,Yes,No,10,0,142.14,30,71,40,5.0,53,No,No
CUST-0157,2026-03-02,56,64650.0,Returning,Ontario,Display Ads,Discount Offer,1,No,Yes,5,3,80.66,30,70,38,7.0,73,No,Yes
CUST-0158,2026-04-22,36,74105.0,Returning,Ontario,Search Ads,Retargeting,3,No,No,6,4,86.38,30,40,46,8.0,5,No,Yes
CUST-0159,2026-04-23,31,96492.0,Loyal,British Columbia,Social Media,Brand Awareness,5,No,No,6,5,103.71,10,30,66,9.0,70,No,No
CUST-0160,2026-02-14,37,82692.0,New,Ontario,Email,Discount Offer,7,Yes,Yes,7,2,82.21,15,40,19,6.0,66,No,Yes
CUST-0161,2026-01-23,34,90830.0,Loyal,Quebec,Email,Discount Offer,1,Yes,No,7,5,85.17,20,1,100,6.0,31,Yes,Yes
CUST-0162,2026-02-17,25,78756.0,Loyal,Other,Social Media,Brand Awareness,4,Yes,Yes,8,9,78.84,20,45,76,8.0,26,No,Yes
CUST-0163,2026-03-25,29,52034.0,Loyal,Ontario,Social Media,Discount Offer,3,No,No,7,7,63.4,25,53,67,9.0,24,No,Yes
CUST-0164,2026-02-07,22,48450.0,Returning,Quebec,Search Ads,Retargeting,8,No,No,3,0,54.7,25,14,50,8.0,57,No,Yes
CUST-0165,2026-03-16,53,73810.0,Loyal,Ontario,Display Ads,Brand Awareness,5,Yes,Yes,5,10,26.39,10,42,81,9.0,56,No,Yes
CUST-0166,2026-01-23,27,43939.0,New,British Columbia,Email,New Product,2,Yes,No,10,6,25.0,15,109,52,8.0,45,No,Yes
CUST-0167,2026-04-17,42,84545.0,New,Quebec,Display Ads,Discount Offer,4,No,No,7,2,61.35,20,60,44,6.0,39,No,No
CUST-0168,2026-04-26,39,63987.0,Loyal,Alberta,Email,Discount Offer,4,Yes,No,4,8,168.34,25,34,71,7.0,97,Yes,Yes
CUST-0169,2026-03-26,18,62009.0,At Risk,Ontario,Display Ads,Discount Offer,2,No,No,8,2,125.25,10,121,37,4.0,35,No,No
CUST-0170,2026-02-06,37,65563.0,New,Ontario,Social Media,Discount Offer,3,No,Yes,9,0,60.04,25,19,30,5.0,75,No,Yes
CUST-0171,2026-01-12,44,71065.0,New,Quebec,Email,Discount Offer,3,Yes,No,2,2,167.97,15,60,35,7.0,60,No,No
CUST-0172,2026-04-20,55,78026.0,At Risk,Quebec,Search Ads,Retargeting,3,No,No,5,3,65.73,25,79,51,7.0,62,Yes,Yes
CUST-0173,2026-03-31,31,,At Risk,Ontario,SMS,Brand Awareness,2,Yes,No,6,0,97.47,25,120,9,4.0,10,Yes,No
CUST-0174,2026-01-06,60,57096.0,New,Quebec,SMS,New Product,1,No,No,6,3,29.06,25,62,33,7.0,36,No,Yes
CUST-0175,2026-03-20,36,59130.0,At Risk,British Columbia,Social Media,Brand Awareness,4,No,No,12,0,39.69,15,85,21,4.0,75,No,Yes
CUST-0176,2026-02-10,53,54019.0,Loyal,Alberta,Display Ads,Discount Offer,3,No,No,5,7,91.18,25,51,95,9.0,33,No,Yes
CUST-0177,2026-04-09,35,29979.0,New,Quebec,Social Media,Discount Offer,4,Yes,No,3,0,49.2,20,49,20,8.0,62,No,No
CUST-0178,2026-01-16,20,67408.0,Loyal,British Columbia,Email,Discount Offer,1,No,Yes,15,7,99.78,20,35,61,7.0,51,Yes,No
CUST-0179,2026-04-18,27,77155.0,Loyal,Ontario,Search Ads,New Product,7,No,No,2,4,107.56,20,36,94,8.0,40,No,Yes
CUST-0180,2026-02-27,56,44456.0,At Risk,Ontario,Search Ads,Retargeting,6,No,No,7,3,54.06,20,130,18,4.0,98,No,No
CUST-0181,2026-04-01,48,84807.0,At Risk,Alberta,Social Media,New Product,2,No,Yes,12,0,74.52,10,106,26,4.0,22,No,Yes
CUST-0182,2026-02-02,51,46918.0,Returning,Quebec,Search Ads,Brand Awareness,5,No,Yes,14,0,106.65,0,49,53,6.0,42,No,Yes
CUST-0183,2026-02-19,30,97645.0,New,Ontario,Social Media,New Product,5,No,No,3,0,79.14,20,30,40,4.0,63,No,No
CUST-0184,2026-03-29,42,29507.0,At Risk,British Columbia,Email,Discount Offer,6,Yes,Yes,7,1,25.0,20,93,20,5.0,27,No,Yes
CUST-0185,2026-03-12,57,53623.0,New,Ontario,Email,Discount Offer,6,Yes,No,9,1,78.62,20,54,15,7.0,26,No,No
CUST-0186,2026-03-25,40,43195.0,New,Ontario,Email,New Product,1,Yes,Yes,9,0,51.43,10,57,57,2.0,27,No,Yes
CUST-0187,2026-03-04,31,41135.0,At Risk,British Columbia,Search Ads,Retargeting,3,No,No,2,0,106.13,10,123,32,5.0,15,No,Yes
CUST-0188,2026-02-25,44,53418.0,Returning,Ontario,SMS,Retargeting,3,Yes,No,4,4,25.0,15,43,49,8.0,2,No,No
CUST-0189,2026-04-06,56,48521.0,New,Ontario,Social Media,Discount Offer,7,No,No,6,1,107.22,20,32,41,6.0,79,Yes,No
CUST-0190,2026-02-08,38,59405.0,At Risk,Alberta,Email,Discount Offer,3,Yes,No,2,2,63.66,15,71,29,3.0,52,No,No
CUST-0191,2026-03-07,29,95608.0,Loyal,Other,Social Media,New Product,2,No,Yes,15,8,85.13,5,15,81,6.0,53,No,Yes
CUST-0192,2026-01-17,44,89891.0,New,British Columbia,Email,New Product,7,No,No,6,0,86.19,25,59,37,6.0,16,No,No
CUST-0193,2026-01-18,38,79940.0,New,Quebec,Email,Discount Offer,2,Yes,No,1,2,25.0,10,50,44,6.0,18,No,No
CUST-0194,2026-03-16,31,83925.0,Returning,Quebec,Display Ads,Discount Offer,3,Yes,No,4,5,79.96,30,43,60,8.0,45,Yes,Yes
CUST-0195,2026-04-19,38,46893.0,New,Alberta,Email,New Product,3,Yes,No,3,0,42.9,5,22,38,5.0,57,No,No
CUST-0196,2026-04-27,56,58199.0,Loyal,Ontario,Email,New Product,1,Yes,No,2,8,80.53,30,9,82,8.0,46,Yes,Yes
CUST-0197,2026-04-27,18,93807.0,At Risk,British Columbia,Email,Discount Offer,6,Yes,No,4,0,76.96,25,71,45,6.0,19,No,Yes
CUST-0198,2026-03-03,19,84620.0,Returning,Alberta,Display Ads,Discount Offer,5,Yes,No,2,3,114.45,20,32,51,7.0,81,No,No
CUST-0199,2026-01-28,22,65865.0,Loyal,Ontario,Social Media,Discount Offer,3,No,No,4,8,104.18,20,1,100,7.0,22,No,Yes
CUST-0200,2026-03-08,18,106170.0,New,Quebec,Display Ads,Retargeting,3,No,No,3,0,98.29,15,28,30,6.0,33,Yes,No
CUST-0201,2026-02-23,42,39053.0,New,Quebec,Email,Brand Awareness,3,Yes,No,3,0,58.24,20,51,34,6.0,72,No,No
CUST-0202,2026-02-02,31,88027.0,New,Alberta,Display Ads,New Product,4,No,No,5,0,111.55,15,57,38,3.0,67,No,No
CUST-0203,2026-01-27,46,52141.0,Returning,Ontario,Email,Brand Awareness,1,No,No,3,4,66.34,30,20,40,7.0,0,No,No
CUST-0204,2026-03-20,18,67320.0,Returning,Ontario,Search Ads,Discount Offer,1,Yes,No,4,0,56.58,25,1,64,7.0,3,No,No
CUST-0205,2026-04-10,36,58507.0,At Risk,Ontario,Email,Discount Offer,2,No,No,6,2,92.91,30,98,13,6.0,29,Yes,No
CUST-0206,2026-02-21,68,46956.0,New,Alberta,Search Ads,Discount Offer,2,Yes,No,2,0,84.38,25,55,40,6.0,38,No,No
CUST-0207,2026-02-07,49,26270.0,New,Ontario,Email,Retargeting,3,No,No,7,0,53.44,15,40,25,6.0,33,Yes,No
CUST-0208,2026-01-29,41,81582.0,New,Alberta,Social Media,Discount Offer,5,No,No,2,1,61.32,20,85,32,6.0,67,No,No
CUST-0209,2026-04-05,39,81011.0,At Risk,Ontario,Social Media,Retargeting,4,No,No,6,6,130.65,15,88,39,4.0,52,No,Yes
CUST-0210,2026-04-23,18,57915.0,New,Ontario,Email,Brand Awareness,1,Yes,Yes,15,0,80.14,30,50,31,6.0,11,No,No
CUST-0211,2026-01-02,39,79352.0,At Risk,Ontario,SMS,Discount Offer,2,No,Yes,12,0,124.4,25,99,47,8.0,34,No,No
CUST-0212,2026-01-30,25,54634.0,Returning,Ontario,Display Ads,Discount Offer,4,Yes,No,3,5,50.46,20,46,64,6.0,46,No,No
CUST-0213,2026-03-14,43,54756.0,Returning,Ontario,Display Ads,Retargeting,1,No,No,8,4,132.05,25,72,35,7.0,46,No,Yes
CUST-0214,2026-01-23,28,72679.0,New,Alberta,Email,Discount Offer,4,No,No,2,3,101.91,15,29,59,4.0,51,No,No
CUST-0215,2026-02-10,52,57791.0,Returning,Quebec,Display Ads,Discount Offer,5,No,No,10,2,33.09,25,1,33,6.0,53,Yes,No
CUST-0216,2026-01-14,41,54618.0,Returning,Alberta,Display Ads,Retargeting,1,No,No,3,4,93.86,5,25,40,4.0,39,Yes,Yes
CUST-0217,2026-03-26,33,84969.0,New,Quebec,Display Ads,Retargeting,3,Yes,No,10,3,75.54,25,61,30,8.0,70,Yes,Yes
CUST-0218,2026-01-30,54,99881.0,Returning,Other,Display Ads,New Product,1,Yes,No,1,3,44.92,20,45,39,8.0,0,No,No
CUST-0219,2026-03-12,32,42390.0,New,Ontario,Social Media,Retargeting,4,No,No,4,1,152.82,15,22,27,8.0,57,No,No
CUST-0220,2026-04-20,24,76856.0,Returning,British Columbia,Email,New Product,2,Yes,Yes,14,4,45.86,25,27,47,7.0,2,No,Yes
CUST-0221,2026-02-17,41,70051.0,Returning,British Columbia,Social Media,New Product,3,No,Yes,8,3,106.74,15,32,47,8.0,76,No,Yes
CUST-0222,2026-01-05,46,67069.0,Loyal,Ontario,SMS,Retargeting,2,Yes,No,7,11,114.77,0,1,100,8.0,0,Yes,Yes
CUST-0223,2026-01-31,59,61099.0,Loyal,Quebec,Email,Retargeting,3,No,Yes,10,4,58.92,25,15,78,9.0,72,No,Yes
CUST-0224,2026-02-15,43,55991.0,New,Alberta,Email,Discount Offer,5,Yes,No,1,1,72.93,20,57,30,5.0,78,Yes,No
CUST-0225,2026-03-04,34,50271.0,New,Other,Email,Retargeting,1,No,No,3,1,68.83,5,29,34,6.0,34,No,Yes
CUST-0226,2026-04-10,23,69884.0,Loyal,Alberta,Email,Retargeting,5,Yes,Yes,10,9,51.75,30,11,73,7.0,43,No,Yes
CUST-0227,2026-01-25,40,58579.0,At Risk,Ontario,Display Ads,Brand Awareness,4,No,Yes,8,4,117.17,0,113,61,6.0,44,Yes,Yes
CUST-0228,2026-02-17,40,24242.0,Loyal,British Columbia,Social Media,Discount Offer,2,Yes,No,11,10,81.13,10,44,83,8.0,11,Yes,No
CUST-0229,2026-03-15,53,72915.0,Returning,Alberta,Search Ads,Discount Offer,4,Yes,Yes,13,4,129.89,20,64,52,5.0,28,No,Yes
CUST-0230,2026-01-31,20,70347.0,At Risk,Ontario,Email,New Product,3,No,No,6,0,113.51,10,108,18,3.0,11,No,No
CUST-0231,2026-03-30,42,,At Risk,Other,Email,New Product,1,No,No,7,0,88.16,10,164,31,5.0,60,No,No
CUST-0232,2026-03-04,50,49189.0,Returning,Ontario,Search Ads,New Product,4,No,Yes,10,4,66.42,15,19,53,8.0,51,No,No
CUST-0233,2026-04-29,32,35222.0,At Risk,Ontario,Search Ads,Brand Awareness,3,Yes,No,4,0,127.77,15,106,26,5.0,5,No,Yes
CUST-0234,2026-03-02,40,40718.0,Returning,Quebec,Email,Discount Offer,2,Yes,No,4,2,100.99,20,56,65,7.0,29,No,No
CUST-0235,2026-02-16,49,68771.0,New,Alberta,Social Media,Discount Offer,5,No,No,7,2,134.18,20,50,46,4.0,70,No,Yes
CUST-0236,2026-03-21,35,49301.0,New,Other,Social Media,Brand Awareness,6,No,No,5,1,90.42,10,35,47,8.0,96,No,No
CUST-0237,2026-03-26,53,32076.0,New,Ontario,Search Ads,New Product,5,No,Yes,11,1,29.67,20,48,27,6.0,37,No,No
CUST-0238,2026-04-01,37,69741.0,New,Ontario,Search Ads,New Product,4,No,No,4,2,71.68,0,97,38,5.0,29,No,Yes
CUST-0239,2026-03-06,28,102488.0,Returning,Quebec,Email,New Product,4,Yes,No,4,2,132.28,5,71,60,6.0,56,No,Yes
CUST-0240,2026-01-20,46,68450.0,Returning,Other,SMS,Retargeting,5,Yes,No,4,6,131.39,20,67,53,6.0,30,Yes,Yes
CUST-0241,2026-02-10,31,89725.0,Returning,British Columbia,Email,New Product,3,Yes,No,3,7,51.26,15,100,56,9.0,82,No,Yes
CUST-0242,2026-03-20,19,54787.0,New,Ontario,Display Ads,Discount Offer,1,No,No,12,0,25.0,30,43,59,7.0,50,No,No
CUST-0243,2026-02-04,24,43345.0,Returning,Ontario,Email,Discount Offer,4,No,No,3,3,60.32,20,45,64,9.0,49,Yes,No
CUST-0244,2026-04-06,41,94332.0,New,Ontario,Email,Retargeting,1,No,No,6,2,74.74,30,87,40,5.0,55,No,No
CUST-0245,2026-02-08,21,54903.0,Loyal,Ontario,Email,New Product,6,Yes,No,0,8,81.96,15,1,80,9.0,47,Yes,Yes
CUST-0246,2026-04-25,36,74940.0,Returning,British Columbia,SMS,Retargeting,1,Yes,No,5,5,132.97,25,12,53,7.0,46,No,No
CUST-0247,2026-04-09,41,85131.0,New,Other,Search Ads,Retargeting,3,Yes,Yes,7,3,123.07,25,57,18,7.0,35,No,Yes
CUST-0248,2026-03-05,25,100318.0,At Risk,Ontario,Email,Retargeting,5,No,No,5,1,122.57,5,96,29,,38,No,No
CUST-0249,2026-01-05,62,63645.0,New,Quebec,Search Ads,New Product,6,Yes,No,6,0,55.91,30,54,43,7.0,48,No,No
CUST-0250,2026-04-15,43,46237.0,At Risk,Quebec,Email,Discount Offer,2,No,No,1,2,58.22,25,90,32,5.0,22,No,Yes
CUST-0251,2026-02-24,24,74266.0,Returning,British Columbia,Email,Discount Offer,1,No,No,4,6,126.6,20,67,69,5.0,18,No,No
CUST-0252,2026-02-22,32,86549.0,At Risk,Ontario,Social Media,New Product,1,No,Yes,10,2,124.45,5,100,30,4.0,60,No,Yes
CUST-0253,2026-03-03,20,38650.0,New,British Columbia,Search Ads,Discount Offer,6,Yes,Yes,2,0,63.91,20,29,60,5.0,56,No,No
CUST-0254,2026-04-28,59,71271.0,Returning,Alberta,Search Ads,New Product,1,Yes,No,0,5,104.55,25,17,50,6.0,70,No,No
CUST-0255,2026-02-17,39,26763.0,Returning,Other,Email,Brand Awareness,8,No,No,1,5,110.22,25,4,71,5.0,40,No,No
CUST-0256,2026-04-16,43,76623.0,Returning,Alberta,Email,Retargeting,3,No,No,8,4,68.91,15,34,56,5.0,43,No,No
CUST-0257,2026-03-23,31,22000.0,New,Quebec,Email,Retargeting,3,Yes,Yes,18,2,103.33,0,64,54,7.0,41,No,No
CUST-0258,2026-03-20,35,55801.0,,Quebec,Social Media,Discount Offer,5,Yes,Yes,15,1,118.34,15,68,48,7.0,61,Yes,No
CUST-0259,2026-03-10,34,60209.0,New,Ontario,SMS,New Product,5,No,No,6,0,46.15,15,34,26,7.0,10,No,Yes
CUST-0260,2026-03-27,56,44553.0,Returning,Alberta,Email,Brand Awareness,5,No,No,6,0,94.45,5,56,43,8.0,30,No,No
CUST-0261,2026-02-21,44,47039.0,Returning,Ontario,Email,New Product,4,Yes,No,2,1,78.03,25,41,46,6.0,10,No,No
CUST-0262,2026-04-16,38,,New,Ontario,Social Media,Discount Offer,3,No,No,2,0,137.44,25,98,50,5.0,40,No,No
CUST-0263,2026-02-19,30,53994.0,Returning,Quebec,Search Ads,Retargeting,5,Yes,No,6,4,112.26,30,59,57,7.0,49,No,No
CUST-0264,2026-03-12,43,47886.0,At Risk,Alberta,Email,Brand Awareness,4,No,No,3,0,126.34,20,93,44,5.0,54,No,No
CUST-0265,2026-01-20,45,90191.0,At Risk,Ontario,Email,Discount Offer,4,Yes,No,1,0,66.0,25,109,21,5.0,4,No,No
CUST-0266,2026-04-15,56,69942.0,New,Ontario,Search Ads,Retargeting,3,No,No,6,1,112.88,30,5,24,3.0,24,No,No
CUST-0267,2026-04-20,28,53333.0,Returning,Alberta,Search Ads,Discount Offer,5,No,No,2,3,127.27,20,30,26,5.0,73,No,No
CUST-0268,2026-03-15,47,66438.0,New,Ontario,Display Ads,New Product,1,No,No,8,2,96.59,0,30,49,5.0,66,No,No
CUST-0269,2026-01-17,38,22000.0,Loyal,Ontario,Email,Retargeting,6,No,No,4,7,48.8,0,20,75,7.0,41,No,No
CUST-0270,2026-01-19,35,72563.0,New,Alberta,Email,Discount Offer,2,Yes,Yes,8,0,75.17,25,60,10,6.0,55,Yes,Yes
CUST-0271,2026-04-29,29,80270.0,Loyal,Quebec,Social Media,Brand Awareness,1,No,Yes,2,6,56.31,0,1,96,9.0,36,No,Yes
CUST-0272,2026-02-04,24,85583.0,Returning,Alberta,Email,Discount Offer,5,No,No,3,3,85.99,25,59,53,9.0,20,No,No
CUST-0273,2026-01-29,37,91128.0,Returning,Ontario,Search Ads,Brand Awareness,4,No,No,1,3,102.16,0,36,56,7.0,47,No,No
CUST-0274,2026-03-31,37,67789.0,Returning,Quebec,Email,Retargeting,4,Yes,No,8,6,112.75,15,6,33,4.0,18,No,Yes
CUST-0275,2026-01-26,33,93076.0,New,Other,Social Media,Retargeting,2,No,Yes,8,4,125.42,15,1,64,6.0,100,No,Yes
CUST-0276,2026-02-19,42,73129.0,New,Ontario,Display Ads,Brand Awareness,6,No,No,5,1,66.29,15,42,51,6.0,41,Yes,Yes
CUST-0277,2026-03-29,37,47277.0,Returning,Other,Social Media,New Product,1,No,No,6,0,77.15,25,34,64,6.0,10,No,Yes
CUST-0278,2026-01-05,70,87499.0,Loyal,Alberta,Social Media,Discount Offer,5,Yes,Yes,6,10,104.43,15,9,86,8.0,42,Yes,Yes
CUST-0279,2026-04-22,29,56425.0,Returning,Quebec,Email,Discount Offer,1,Yes,No,0,6,95.14,25,36,49,7.0,26,No,No
CUST-0280,2026-01-09,25,79171.0,At Risk,Ontario,Email,Brand Awareness,6,No,No,9,2,107.35,0,105,51,4.0,66,No,No
CUST-0281,2026-01-09,47,82250.0,Loyal,Alberta,Email,New Product,5,No,No,3,6,139.22,5,13,66,10.0,43,Yes,Yes
CUST-0282,2026-02-23,41,76388.0,Loyal,Quebec,Search Ads,Retargeting,5,Yes,Yes,15,5,131.0,0,59,90,8.0,69,No,Yes
CUST-0283,2026-03-09,47,68560.0,,Ontario,Email,New Product,1,Yes,Yes,10,0,25.0,25,50,40,5.0,17,No,No
CUST-0284,2026-02-02,45,29836.0,At Risk,Quebec,Social Media,Brand Awareness,1,Yes,Yes,14,2,111.86,5,89,47,7.0,81,No,Yes
CUST-0285,2026-01-31,44,27122.0,New,Other,Search Ads,Discount Offer,4,Yes,No,1,0,25.69,20,49,5,6.0,52,No,No
CUST-0286,2026-03-01,45,46426.0,New,Quebec,Social Media,Retargeting,6,No,No,10,3,121.77,25,38,43,6.0,58,No,No
CUST-0287,2026-04-05,33,71590.0,,Alberta,Search Ads,Brand Awareness,5,No,Yes,12,1,53.5,30,110,48,5.0,51,No,No
CUST-0288,2026-01-31,29,62319.0,New,Other,SMS,Retargeting,6,No,No,13,2,81.63,15,21,19,6.0,54,No,Yes
CUST-0289,2026-03-22,18,62654.0,Returning,Ontario,Email,Discount Offer,1,No,Yes,9,2,122.48,30,3,50,7.0,37,No,Yes
CUST-0290,2026-01-07,30,32802.0,New,Ontario,Display Ads,Discount Offer,1,No,No,8,0,91.12,25,9,18,8.0,0,No,Yes
CUST-0291,2026-02-04,35,41699.0,Returning,Quebec,Email,Discount Offer,6,No,Yes,9,3,43.76,20,3,67,7.0,41,No,Yes
CUST-0292,2026-02-28,29,55483.0,Returning,Quebec,Social Media,Retargeting,4,No,No,7,0,51.17,25,41,81,6.0,65,No,Yes
CUST-0293,2026-01-09,32,70756.0,At Risk,Ontario,Email,Discount Offer,4,Yes,No,6,4,94.46,20,109,39,3.0,52,No,Yes
CUST-0294,2026-01-07,45,22448.0,Returning,Quebec,Social Media,Brand Awareness,4,No,No,1,1,58.36,20,63,76,7.0,53,No,Yes
CUST-0295,2026-02-14,41,50204.0,Returning,Quebec,Email,Discount Offer,8,Yes,No,9,1,90.32,20,45,45,7.0,51,No,Yes
CUST-0296,2026-03-15,56,22000.0,Returning,Ontario,Email,Retargeting,5,No,No,6,3,113.02,20,29,47,9.0,24,No,No
CUST-0297,2026-04-30,39,72888.0,At Risk,Ontario,Social Media,New Product,1,Yes,No,5,2,71.89,10,83,33,5.0,32,No,No
CUST-0298,2026-02-14,39,70662.0,Loyal,Other,Search Ads,Retargeting,2,No,No,7,11,107.16,15,46,100,7.0,57,Yes,Yes
CUST-0299,2026-02-12,23,,New,British Columbia,Display Ads,New Product,2,No,No,5,0,53.72,30,41,31,6.0,66,No,Yes
CUST-0300,2026-01-01,57,52830.0,New,Other,Social Media,New Product,1,No,Yes,6,1,56.98,15,93,41,7.0,34,Yes,Yes
CUST-0301,2026-03-30,33,52242.0,Loyal,British Columbia,Email,Discount Offer,6,Yes,No,4,7,85.66,20,1,71,9.0,26,No,No
CUST-0302,2026-04-08,41,37007.0,New,Quebec,Email,Discount Offer,6,Yes,No,4,1,43.79,10,76,29,8.0,54,No,Yes
CUST-0303,2026-03-06,41,62455.0,At Risk,British Columbia,Display Ads,Discount Offer,1,No,No,8,3,88.49,15,91,32,4.0,53,No,No
CUST-0304,2026-03-18,34,79702.0,Returning,Quebec,Display Ads,New Product,7,No,No,7,5,150.26,0,55,46,7.0,15,No,No
CUST-0305,2026-04-12,54,75287.0,Returning,Ontario,Search Ads,Discount Offer,3,No,No,4,5,127.67,25,32,79,8.0,42,Yes,Yes
CUST-0306,2026-04-10,34,41366.0,At Risk,Ontario,Email,Discount Offer,2,Yes,Yes,4,0,90.52,15,115,29,4.0,24,No,No
CUST-0307,2026-04-17,32,63468.0,New,Ontario,Search Ads,Discount Offer,6,Yes,Yes,15,0,106.16,30,59,13,6.0,55,No,Yes
CUST-0308,2026-03-12,54,50887.0,New,Other,Email,Discount Offer,4,Yes,Yes,11,0,78.83,10,40,31,8.0,19,No,Yes
CUST-0309,2026-04-25,68,85148.0,At Risk,Alberta,Display Ads,Retargeting,3,No,Yes,7,0,47.59,0,108,40,6.0,21,No,No
CUST-0310,2026-03-07,18,116946.0,Returning,Other,Search Ads,Discount Offer,6,No,No,4,7,83.45,25,25,70,7.0,15,No,Yes
CUST-0311,2026-03-01,18,63187.0,New,British Columbia,Social Media,Discount Offer,3,Yes,Yes,12,2,47.21,15,74,18,5.0,36,No,Yes
CUST-0312,2026-02-25,30,40258.0,New,Alberta,Social Media,New Product,4,No,No,4,0,97.42,15,43,36,7.0,91,No,Yes
CUST-0313,2026-01-06,18,56564.0,New,British Columbia,Search Ads,Brand Awareness,1,No,No,7,0,51.89,15,67,25,5.0,61,Yes,Yes
CUST-0314,2026-01-03,36,35238.0,Returning,British Columbia,Display Ads,New Product,6,No,No,4,4,76.02,10,52,32,5.0,59,No,No
CUST-0315,2026-02-08,42,93332.0,Returning,Quebec,Social Media,Discount Offer,4,No,Yes,7,6,41.21,25,15,62,8.0,61,Yes,Yes
CUST-0316,2026-03-09,25,72094.0,Loyal,Alberta,Display Ads,New Product,3,No,No,5,8,146.86,0,11,63,7.0,32,No,No
CUST-0317,2026-03-01,43,99958.0,Loyal,Alberta,Social Media,New Product,2,Yes,No,4,4,118.2,5,42,68,7.0,46,No,Yes
CUST-0318,2026-02-04,38,36086.0,At Risk,Other,SMS,Brand Awareness,1,Yes,Yes,9,2,63.74,15,76,6,6.0,68,No,No
CUST-0319,2026-03-24,28,51707.0,Returning,Ontario,Social Media,Discount Offer,2,Yes,No,1,4,35.19,15,48,57,7.0,57,No,No
CUST-0320,2026-03-08,51,56275.0,New,Ontario,Display Ads,Brand Awareness,6,No,No,0,0,70.79,30,47,27,7.0,65,No,No
CUST-0321,2026-03-10,19,43602.0,Returning,Ontario,Social Media,New Product,4,No,No,2,5,25.0,15,37,64,7.0,63,Yes,Yes
CUST-0322,2026-03-27,51,80204.0,Returning,Other,Search Ads,Retargeting,3,No,No,3,0,183.62,20,43,80,7.0,44,No,Yes
CUST-0323,2026-02-26,34,44103.0,At Risk,Alberta,Social Media,Discount Offer,3,No,No,0,5,25.0,15,136,51,4.0,62,No,No
CUST-0324,2026-04-04,52,36212.0,Returning,Alberta,Email,Retargeting,6,Yes,No,3,3,25.0,30,46,62,7.0,50,No,No
CUST-0325,2026-03-18,36,37895.0,New,British Columbia,Email,Brand Awareness,4,Yes,No,3,0,89.51,5,50,57,6.0,10,No,No
CUST-0326,2026-03-22,40,43389.0,Returning,Ontario,Search Ads,Brand Awareness,5,Yes,Yes,3,2,99.49,30,47,51,9.0,26,No,Yes
CUST-0327,2026-04-02,49,75000.0,New,Ontario,Display Ads,Brand Awareness,3,No,No,3,0,88.58,20,1,47,4.0,51,No,Yes
CUST-0328,2026-02-17,58,48595.0,New,Quebec,Search Ads,New Product,4,No,No,7,1,100.93,30,62,44,6.0,72,No,No
CUST-0329,2026-04-13,34,54560.0,Returning,Other,Display Ads,New Product,4,No,No,7,6,102.61,0,26,66,10.0,1,No,No
CUST-0330,2026-01-15,37,55285.0,New,Ontario,Search Ads,New Product,1,No,No,10,0,124.46,10,59,29,5.0,66,No,No
CUST-0331,2026-03-26,51,58518.0,At Risk,Ontario,Email,New Product,5,No,No,3,0,80.42,5,63,71,5.0,29,No,No
CUST-0332,2026-04-22,30,67241.0,New,Quebec,Email,Discount Offer,3,No,No,5,0,125.59,20,3,36,6.0,33,Yes,Yes
CUST-0333,2026-01-14,48,30466.0,Loyal,British Columbia,Search Ads,Discount Offer,4,No,Yes,6,8,114.27,30,53,85,8.0,22,No,No
CUST-0334,2026-04-13,40,69442.0,Loyal,Quebec,Search Ads,Retargeting,3,No,No,4,9,79.36,25,70,81,8.0,30,No,No
CUST-0335,2026-02-25,36,68664.0,New,Quebec,SMS,New Product,6,No,Yes,19,1,121.99,15,41,57,6.0,32,No,No
CUST-0336,2026-03-24,60,39515.0,Returning,Ontario,Social Media,New Product,4,No,Yes,14,0,104.15,30,24,64,7.0,30,No,No
CUST-0337,2026-03-07,35,76452.0,,Ontario,Social Media,New Product,5,No,No,5,4,146.64,20,8,41,8.0,12,No,No
CUST-0338,2026-02-03,52,80098.0,Returning,Ontario,Email,Discount Offer,3,No,Yes,7,4,84.15,30,25,75,5.0,51,No,Yes
CUST-0339,2026-03-20,57,42268.0,New,Other,Email,Discount Offer,3,Yes,No,2,4,82.18,25,92,8,5.0,26,No,No
CUST-0340,2026-01-15,29,32103.0,Returning,Ontario,Social Media,Discount Offer,4,No,No,5,4,122.81,15,60,34,6.0,57,No,Yes
CUST-0341,2026-02-07,31,81714.0,At Risk,Alberta,Social Media,New Product,6,Yes,No,5,1,143.01,25,96,16,5.0,31,No,Yes
CUST-0342,2026-03-31,26,77562.0,Loyal,Other,SMS,Retargeting,4,Yes,No,6,6,82.95,25,1,89,5.0,43,Yes,Yes
CUST-0343,2026-04-19,48,92056.0,Returning,Quebec,Social Media,New Product,2,No,No,0,0,112.1,25,20,23,8.0,29,No,Yes
CUST-0344,2026-04-14,18,70952.0,New,Ontario,Social Media,Discount Offer,6,No,No,8,0,93.66,20,80,33,8.0,93,No,Yes
CUST-0345,2026-04-07,22,74879.0,New,Ontario,Email,Discount Offer,3,No,No,5,2,134.53,25,56,37,8.0,28,No,Yes
CUST-0346,2026-01-16,50,80652.0,Loyal,Alberta,SMS,Discount Offer,6,No,No,7,9,117.53,25,1,82,9.0,59,No,No
CUST-0347,2026-04-25,26,70515.0,Loyal,Alberta,Email,Discount Offer,3,Yes,No,4,5,128.96,25,1,77,9.0,59,No,Yes
CUST-0348,2026-04-13,50,30681.0,Returning,Ontario,Email,Discount Offer,5,Yes,Yes,8,4,83.98,10,47,54,4.0,14,No,No
CUST-0349,2026-04-24,28,59716.0,Returning,Quebec,Search Ads,Discount Offer,3,Yes,Yes,6,3,72.27,20,43,74,7.0,10,No,No
CUST-0350,2026-03-17,25,31415.0,At Risk,Quebec,Email,New Product,3,No,No,0,2,114.39,10,54,26,5.0,46,No,No
CUST-0351,2026-03-22,43,45716.0,Returning,British Columbia,Social Media,Retargeting,3,Yes,No,8,6,65.53,20,32,42,9.0,65,No,No
CUST-0352,2026-02-24,36,70983.0,Returning,Alberta,Search Ads,New Product,2,Yes,Yes,10,2,32.8,10,12,50,7.0,21,Yes,No
CUST-0353,2026-01-17,43,38349.0,Returning,Quebec,Social Media,New Product,4,No,Yes,6,4,44.54,25,1,83,7.0,70,No,No
CUST-0354,2026-03-17,23,59765.0,Loyal,Ontario,Social Media,Discount Offer,1,Yes,No,2,9,106.39,10,31,93,9.0,43,Yes,Yes
CUST-0355,2026-04-08,39,79313.0,Returning,British Columbia,Email,Discount Offer,3,Yes,Yes,12,4,25.0,20,14,71,5.0,50,No,Yes
CUST-0356,2026-02-09,42,22000.0,Returning,British Columbia,Display Ads,New Product,5,Yes,No,0,2,113.82,25,10,65,7.0,72,No,Yes
CUST-0357,2026-03-10,40,82067.0,New,Quebec,Search Ads,Discount Offer,5,No,Yes,2,1,70.32,15,25,42,8.0,57,Yes,Yes
CUST-0358,2026-01-08,24,56555.0,At Risk,Quebec,Email,New Product,4,No,No,4,3,100.86,5,103,39,7.0,72,No,No
CUST-0359,2026-03-01,62,59647.0,New,Ontario,Social Media,New Product,4,Yes,Yes,8,0,87.93,5,82,11,6.0,53,Yes,No
CUST-0360,2026-01-22,40,64130.0,Loyal,Ontario,SMS,New Product,3,No,No,4,10,118.84,15,47,92,9.0,97,Yes,Yes
CUST-0361,2026-03-14,25,56602.0,At Risk,Ontario,Social Media,New Product,4,No,Yes,7,1,109.96,25,78,38,4.0,35,No,Yes
CUST-0362,2026-03-18,37,90794.0,Loyal,Other,Search Ads,Retargeting,5,Yes,Yes,11,3,32.8,25,1,71,8.0,62,Yes,Yes
CUST-0363,2026-04-15,36,72109.0,At Risk,Ontario,Search Ads,Discount Offer,3,Yes,No,3,0,78.59,25,101,1,4.0,51,Yes,No
CUST-0364,2026-02-16,26,44504.0,Loyal,Other,Display Ads,Discount Offer,2,Yes,Yes,17,8,63.46,15,71,89,7.0,47,No,Yes
CUST-0365,2026-04-30,30,27704.0,Returning,Other,Email,Brand Awareness,4,Yes,Yes,6,3,47.82,25,8,51,6.0,11,Yes,Yes
CUST-0366,2026-02-22,27,65694.0,Loyal,British Columbia,Email,Retargeting,6,No,No,4,10,,25,34,72,7.0,53,No,Yes
CUST-0367,2026-01-26,29,51522.0,Returning,Alberta,Display Ads,Discount Offer,1,Yes,No,4,4,86.54,25,44,67,7.0,21,No,Yes
CUST-0368,2026-02-26,18,50496.0,New,Alberta,Social Media,New Product,6,No,No,4,2,83.53,0,71,42,5.0,63,No,No
CUST-0369,2026-03-21,26,41494.0,New,Ontario,Email,Discount Offer,4,Yes,No,4,0,88.18,20,56,37,8.0,55,No,No
CUST-0370,2026-04-18,39,91597.0,Loyal,Quebec,Email,Retargeting,6,Yes,No,2,8,59.95,10,8,78,10.0,44,No,Yes
CUST-0371,2026-01-02,22,48088.0,New,British Columbia,Social Media,New Product,4,Yes,Yes,15,0,76.05,10,31,62,6.0,44,No,Yes
CUST-0372,2026-03-20,48,55260.0,New,Quebec,Display Ads,Discount Offer,3,Yes,No,3,0,103.72,25,56,53,,27,No,Yes
CUST-0373,2026-02-16,51,57090.0,At Risk,Quebec,SMS,Retargeting,4,No,No,2,2,25.0,30,99,18,7.0,45,No,Yes
CUST-0374,2026-04-27,45,44450.0,New,British Columbia,Social Media,Retargeting,5,No,No,5,2,84.07,5,68,25,7.0,62,No,Yes
CUST-0375,2026-02-18,41,51577.0,Loyal,Ontario,Display Ads,Discount Offer,2,Yes,Yes,11,15,64.14,30,30,85,10.0,24,Yes,Yes
CUST-0376,2026-04-12,32,83217.0,Loyal,British Columbia,SMS,New Product,5,Yes,Yes,10,9,26.1,30,1,81,6.0,44,No,Yes
CUST-0377,2026-04-25,51,72396.0,Loyal,Quebec,Search Ads,New Product,2,Yes,No,5,7,50.01,10,1,72,9.0,11,Yes,Yes
CUST-0378,2026-04-13,45,45264.0,Returning,Quebec,Display Ads,Retargeting,2,Yes,Yes,12,2,76.12,0,2,62,6.0,53,No,Yes
CUST-0379,2026-04-06,37,66870.0,Returning,Ontario,Email,Retargeting,3,Yes,Yes,12,4,80.66,0,15,71,6.0,70,Yes,Yes
CUST-0380,2026-01-20,34,45891.0,Loyal,Other,SMS,Retargeting,3,Yes,Yes,8,3,176.9,15,35,60,10.0,44,No,No
CUST-0381,2026-04-22,40,96918.0,New,Quebec,Email,New Product,1,Yes,Yes,14,2,155.27,25,27,42,6.0,37,No,Yes
CUST-0382,2026-04-13,39,60930.0,Loyal,Ontario,Display Ads,New Product,3,No,No,2,7,92.11,30,30,83,10.0,31,No,No
CUST-0383,2026-01-26,19,34299.0,At Risk,Quebec,Email,New Product,4,No,No,6,2,65.21,0,88,22,6.0,15,Yes,Yes
CUST-0384,2026-02-09,47,57857.0,New,Ontario,Search Ads,Discount Offer,2,No,No,4,1,98.29,20,48,21,7.0,33,No,No
CUST-0385,2026-04-05,34,37830.0,Returning,Quebec,SMS,New Product,3,Yes,Yes,4,5,33.58,5,1,53,8.0,25,No,Yes
CUST-0386,2026-01-31,21,22790.0,Returning,Alberta,Display Ads,New Product,5,No,No,0,2,45.02,15,47,53,6.0,32,No,No
CUST-0387,2026-03-06,51,100124.0,Returning,Ontario,Search Ads,Brand Awareness,7,No,No,1,5,124.22,30,67,72,6.0,63,Yes,Yes
CUST-0388,2026-04-18,54,67246.0,Loyal,Ontario,Social Media,New Product,4,Yes,No,5,10,127.33,15,9,82,7.0,59,No,Yes
CUST-0389,2026-03-26,35,77870.0,New,British Columbia,Email,Discount Offer,1,No,Yes,7,3,94.07,20,56,30,6.0,24,No,No
CUST-0390,2026-04-17,27,47398.0,New,Alberta,Email,Retargeting,5,No,No,5,1,25.0,10,84,44,4.0,93,Yes,No
CUST-0391,2026-01-09,49,68562.0,Returning,Ontario,Email,New Product,5,Yes,Yes,2,2,90.25,10,46,64,8.0,33,No,No
CUST-0392,2026-04-09,48,56527.0,New,Quebec,Display Ads,Retargeting,6,No,No,3,0,123.72,10,35,53,6.0,75,No,No
CUST-0393,2026-01-31,35,46594.0,At Risk,Alberta,Social Media,New Product,6,No,No,2,0,63.48,20,81,29,5.0,97,Yes,No
CUST-0394,2026-01-30,38,31437.0,New,Ontario,Social Media,Discount Offer,4,No,No,5,4,54.43,15,32,57,8.0,56,No,No
CUST-0395,2026-01-17,49,53991.0,Returning,British Columbia,SMS,Discount Offer,5,No,No,2,2,66.14,10,58,23,7.0,100,No,Yes
CUST-0396,2026-02-16,49,27332.0,At Risk,Ontario,Email,Brand Awareness,1,Yes,No,5,3,72.12,15,114,39,5.0,58,No,No
CUST-0397,2026-02-18,27,73728.0,Returning,British Columbia,Search Ads,Retargeting,5,No,Yes,8,6,115.1,20,23,70,8.0,40,No,Yes
CUST-0398,2026-04-28,51,42335.0,Loyal,Other,Email,Discount Offer,4,No,No,2,9,47.66,20,30,62,8.0,22,Yes,Yes
CUST-0399,2026-03-28,31,73922.0,Loyal,Alberta,SMS,Retargeting,3,Yes,No,3,6,122.85,15,26,81,7.0,81,No,Yes
CUST-0400,2026-04-17,42,55709.0,Returning,Ontario,SMS,Discount Offer,3,No,No,5,4,129.45,20,55,32,6.0,27,No,No
CUST-0401,2026-01-22,37,52734.0,Returning,Quebec,Display Ads,Brand Awareness,1,No,No,5,3,25.94,30,16,72,8.0,62,No,No
CUST-0402,2026-02-03,32,70371.0,Loyal,British Columbia,Social Media,Brand Awareness,4,Yes,Yes,7,6,72.23,20,17,85,7.0,74,No,No
CUST-0403,2026-01-28,46,44876.0,At Risk,British Columbia,Email,Discount Offer,4,Yes,Yes,8,0,86.19,10,88,64,4.0,8,Yes,No
CUST-0404,2026-01-13,54,63363.0,At Risk,Other,Display Ads,New Product,2,No,No,7,6,86.12,10,83,18,6.0,49,No,Yes
CUST-0405,2026-03-23,46,45794.0,Loyal,Ontario,SMS,Discount Offer,1,No,Yes,8,5,44.57,20,16,81,6.0,1,Yes,Yes
CUST-0406,2026-04-11,58,73324.0,Returning,Quebec,Social Media,New Product,3,No,No,4,9,46.96,30,31,51,6.0,75,No,No
CUST-0407,2026-01-21,18,50497.0,Loyal,British Columbia,Social Media,New Product,3,No,Yes,10,8,55.91,5,13,82,6.0,83,No,No
CUST-0408,2026-02-18,32,81186.0,Returning,British Columbia,Search Ads,Retargeting,2,No,No,1,0,96.62,10,73,34,7.0,12,No,No
CUST-0409,2026-04-05,37,26682.0,Loyal,Other,Display Ads,New Product,4,Yes,Yes,11,7,25.0,25,47,75,9.0,55,Yes,Yes
CUST-0410,2026-03-29,51,72330.0,Loyal,Ontario,SMS,New Product,2,No,No,0,8,124.5,20,30,72,9.0,25,Yes,Yes
CUST-0411,2026-01-20,32,54646.0,Loyal,British Columbia,Display Ads,New Product,1,Yes,No,13,7,44.41,30,22,93,9.0,40,No,No
CUST-0412,2026-02-20,42,96646.0,Loyal,Ontario,Search Ads,Retargeting,4,Yes,No,8,5,42.42,0,1,78,7.0,0,No,Yes
CUST-0413,2026-04-05,36,44269.0,At Risk,Quebec,Search Ads,Discount Offer,2,No,Yes,16,0,126.83,15,88,19,5.0,54,No,No
CUST-0414,2026-04-03,22,94991.0,New,Alberta,Display Ads,New Product,6,Yes,Yes,8,2,95.44,0,71,46,5.0,61,No,Yes
CUST-0415,2026-01-16,46,65461.0,Returning,Other,Search Ads,Brand Awareness,1,No,No,8,4,25.0,25,9,71,7.0,43,Yes,Yes
CUST-0416,2026-03-31,31,39077.0,New,Quebec,Search Ads,Discount Offer,3,Yes,No,0,0,47.2,15,32,54,7.0,21,No,Yes
CUST-0417,2026-03-25,24,52588.0,Loyal,Quebec,Social Media,New Product,3,Yes,No,0,12,66.05,5,41,65,9.0,59,No,Yes
CUST-0418,2026-02-10,41,22307.0,New,Quebec,SMS,New Product,2,No,No,5,0,43.47,20,105,44,5.0,30,No,No
CUST-0419,2026-03-25,36,82418.0,Returning,Ontario,Email,Retargeting,3,Yes,Yes,6,7,74.41,10,24,54,9.0,17,Yes,No
CUST-0420,2026-04-11,45,54576.0,New,British Columbia,Social Media,New Product,4,Yes,No,9,0,94.74,25,71,24,5.0,93,No,No
CUST-0421,2026-04-29,54,66850.0,New,Ontario,Email,New Product,6,Yes,Yes,10,3,137.53,10,73,35,7.0,37,No,Yes
CUST-0422,2026-02-21,18,54563.0,Returning,Ontario,Display Ads,Discount Offer,2,Yes,Yes,5,6,157.24,15,47,38,7.0,14,No,No
CUST-0423,2026-02-06,39,64183.0,Returning,Ontario,Email,New Product,3,No,No,4,3,61.12,20,11,65,6.0,49,No,Yes
CUST-0424,2026-04-22,18,84995.0,At Risk,Ontario,Display Ads,Retargeting,5,No,Yes,6,3,107.02,0,99,34,5.0,14,No,Yes
CUST-0425,2026-04-28,55,51462.0,At Risk,Quebec,Email,Brand Awareness,2,Yes,Yes,4,5,50.81,25,68,37,3.0,100,No,No
CUST-0426,2026-02-01,48,43583.0,Returning,Other,Search Ads,Brand Awareness,5,Yes,Yes,10,5,102.72,0,14,64,6.0,49,No,No
CUST-0427,2026-02-14,52,26971.0,Returning,Ontario,Social Media,Discount Offer,2,No,No,2,6,61.09,30,71,40,7.0,53,Yes,No
CUST-0428,2026-02-26,40,70037.0,New,Ontario,Social Media,New Product,5,Yes,Yes,10,1,88.98,10,77,30,7.0,89,No,No
CUST-0429,2026-03-05,31,66491.0,Loyal,Alberta,Email,Brand Awareness,5,Yes,Yes,10,9,75.54,5,75,70,9.0,40,No,No
CUST-0430,2026-04-05,35,42986.0,Loyal,Quebec,Display Ads,Retargeting,5,Yes,Yes,4,9,,0,19,71,8.0,23,No,Yes
CUST-0431,2026-03-22,28,64223.0,New,British Columbia,Social Media,Brand Awareness,4,Yes,Yes,14,1,151.56,5,8,38,8.0,77,No,Yes
CUST-0432,2026-02-04,33,63513.0,New,Other,SMS,New Product,5,No,Yes,11,1,56.22,5,1,26,,10,No,No
CUST-0433,2026-04-21,36,94491.0,New,Ontario,Display Ads,Discount Offer,2,No,No,4,2,69.65,30,34,27,7.0,44,No,Yes
CUST-0434,2026-01-10,39,36330.0,Loyal,Quebec,Search Ads,Discount Offer,6,Yes,No,6,8,42.92,20,1,99,7.0,54,No,No
CUST-0435,2026-02-23,55,48335.0,Returning,Quebec,Display Ads,Discount Offer,2,Yes,No,3,0,84.31,30,1,70,6.0,32,Yes,Yes
CUST-0436,2026-03-19,18,99195.0,New,Other,Email,Discount Offer,2,No,Yes,14,0,58.15,20,71,48,7.0,13,No,Yes
CUST-0437,2026-04-24,37,,New,Alberta,Search Ads,Retargeting,5,No,No,2,0,98.07,20,87,42,7.0,24,No,No
CUST-0438,2026-01-02,35,92003.0,New,Other,SMS,Discount Offer,7,Yes,No,0,0,59.57,15,101,54,8.0,24,No,No
CUST-0439,2026-01-27,70,72938.0,New,Quebec,SMS,Retargeting,9,No,No,8,3,52.58,30,73,21,5.0,48,No,No
CUST-0440,2026-03-29,50,75053.0,New,British Columbia,Email,New Product,1,No,Yes,13,2,111.37,25,77,39,7.0,25,No,No
CUST-0441,2026-03-22,61,69710.0,New,Other,SMS,Discount Offer,4,No,No,6,0,83.73,10,53,50,4.0,67,No,No
CUST-0442,2026-01-06,53,62795.0,Loyal,Alberta,Social Media,Retargeting,3,Yes,Yes,13,3,102.43,5,36,82,10.0,65,Yes,Yes
CUST-0443,2026-01-10,33,87208.0,Loyal,Other,Email,Discount Offer,2,Yes,Yes,12,4,144.04,30,1,84,,96,Yes,Yes
CUST-0444,2026-04-02,58,95752.0,At Risk,Quebec,Display Ads,Discount Offer,1,No,Yes,11,0,54.07,20,137,48,3.0,0,No,No
CUST-0445,2026-02-24,43,22000.0,At Risk,Ontario,Display Ads,Discount Offer,1,No,No,6,3,93.92,15,160,54,5.0,61,No,No
CUST-0446,2026-03-31,54,56931.0,Loyal,Other,Email,Retargeting,2,Yes,No,7,6,78.06,0,1,74,6.0,26,No,Yes
CUST-0447,2026-03-31,32,73325.0,At Risk,Quebec,Social Media,Discount Offer,7,No,No,9,2,71.47,15,133,0,6.0,52,Yes,No
CUST-0448,2026-01-18,34,58350.0,At Risk,British Columbia,Social Media,Brand Awareness,4,Yes,No,5,1,74.93,0,102,56,5.0,33,No,No
CUST-0449,2026-04-01,34,44398.0,Returning,Alberta,Social Media,Brand Awareness,3,No,Yes,14,4,97.11,15,52,39,8.0,48,No,Yes
CUST-0450,2026-04-13,18,77922.0,New,Other,Social Media,Brand Awareness,3,No,Yes,6,3,81.09,25,44,23,6.0,22,No,No
CUST-0451,2026-01-07,29,69998.0,New,Alberta,Social Media,Discount Offer,4,Yes,Yes,8,1,58.92,15,66,30,7.0,96,No,Yes
CUST-0452,2026-04-22,47,64692.0,Returning,Quebec,Email,Discount Offer,3,No,No,9,3,116.18,20,49,33,7.0,80,No,No
CUST-0453,2026-01-17,41,58854.0,Returning,Ontario,Display Ads,Brand Awareness,5,No,No,2,0,132.33,20,87,77,7.0,4,No,No
CUST-0454,2026-04-25,35,34327.0,Returning,Alberta,Display Ads,New Product,7,Yes,No,6,4,46.21,30,14,81,7.0,25,No,Yes
CUST-0455,2026-04-20,60,77848.0,At Risk,Ontario,Email,New Product,4,Yes,Yes,10,0,151.0,15,89,25,4.0,62,Yes,Yes
CUST-0456,2026-02-07,48,36271.0,Loyal,Quebec,Social Media,Brand Awareness,5,Yes,Yes,9,9,168.44,0,35,81,7.0,60,No,Yes
CUST-0457,2026-03-31,18,43597.0,New,British Columbia,Display Ads,Discount Offer,1,No,Yes,8,0,25.0,25,56,46,4.0,100,No,No
CUST-0458,2026-01-23,47,77942.0,Returning,Ontario,SMS,Discount Offer,1,No,Yes,9,2,120.55,15,36,60,7.0,18,Yes,Yes
CUST-0459,2026-03-31,49,71451.0,Returning,Alberta,Search Ads,New Product,3,No,Yes,7,1,138.61,5,53,89,5.0,45,No,Yes
CUST-0460,2026-01-15,51,47074.0,Loyal,Alberta,Search Ads,Discount Offer,3,Yes,No,1,9,28.81,25,12,89,7.0,45,No,No
CUST-0461,2026-03-28,33,46744.0,Loyal,Other,SMS,Retargeting,2,No,Yes,8,10,74.9,20,22,63,8.0,56,Yes,Yes
CUST-0462,2026-03-12,59,65637.0,New,Quebec,Display Ads,Retargeting,3,No,No,0,0,122.3,20,71,32,7.0,31,No,No
CUST-0463,2026-03-23,26,56274.0,Loyal,Quebec,Search Ads,Discount Offer,1,No,No,0,8,68.12,10,28,79,8.0,11,No,Yes
CUST-0464,2026-03-26,35,59231.0,Returning,Ontario,Social Media,New Product,3,No,Yes,14,5,66.11,30,9,38,5.0,92,Yes,Yes
CUST-0465,2026-03-24,24,82675.0,Returning,Other,Email,New Product,1,Yes,Yes,9,6,92.39,5,14,100,6.0,45,Yes,Yes
CUST-0466,2026-03-12,70,110348.0,Returning,Quebec,SMS,Brand Awareness,5,No,No,6,5,100.62,0,22,41,5.0,59,Yes,Yes
CUST-0467,2026-04-18,23,57722.0,New,Alberta,Email,Discount Offer,4,No,No,8,0,140.34,25,56,36,5.0,33,No,No
CUST-0468,2026-04-27,31,69246.0,Loyal,Ontario,Search Ads,Retargeting,1,No,No,3,7,43.13,0,26,88,9.0,45,No,No
CUST-0469,2026-02-14,42,42217.0,New,Other,Email,Discount Offer,5,No,No,2,5,85.81,30,35,24,5.0,48,No,No
CUST-0470,2026-01-12,33,41133.0,New,Other,Search Ads,Discount Offer,2,Yes,Yes,11,0,27.97,20,88,39,8.0,58,No,Yes
CUST-0471,2026-04-24,34,44583.0,Loyal,Quebec,Social Media,New Product,3,Yes,Yes,6,3,94.68,30,15,83,7.0,54,No,Yes
CUST-0472,2026-01-04,30,52033.0,Returning,Quebec,Email,Discount Offer,1,No,No,10,8,25.38,20,22,83,5.0,0,No,Yes
CUST-0473,2026-03-09,42,40280.0,New,Ontario,Email,New Product,5,Yes,No,7,0,53.36,20,64,6,5.0,33,No,No
CUST-0474,2026-02-11,20,48949.0,At Risk,British Columbia,Display Ads,New Product,2,No,No,1,2,91.16,15,21,30,4.0,47,No,No
CUST-0475,2026-02-14,38,66545.0,New,Quebec,Display Ads,Discount Offer,2,No,Yes,11,1,82.75,10,5,39,5.0,51,No,Yes
CUST-0476,2026-04-26,28,55377.0,Returning,British Columbia,Social Media,New Product,7,Yes,Yes,6,5,98.15,30,46,58,6.0,85,Yes,Yes
CUST-0477,2026-01-19,40,73031.0,New,Ontario,Search Ads,Retargeting,1,Yes,Yes,11,2,41.58,10,21,24,3.0,32,No,No
CUST-0478,2026-03-24,34,,Returning,Ontario,Social Media,New Product,1,No,No,7,3,100.21,10,17,60,5.0,46,Yes,No
CUST-0479,2026-01-29,39,70528.0,At Risk,Ontario,Email,Discount Offer,4,Yes,Yes,9,2,47.28,25,84,44,6.0,63,No,No
CUST-0480,2026-02-27,28,77901.0,Returning,Quebec,Email,Discount Offer,1,No,No,7,5,115.44,25,38,87,7.0,46,No,Yes
CUST-0481,2026-01-14,49,80825.0,Returning,Quebec,Email,New Product,2,Yes,Yes,12,3,56.88,10,40,66,7.0,71,No,Yes
CUST-0482,2026-03-23,19,22000.0,New,Ontario,Email,Discount Offer,4,Yes,No,5,0,35.69,15,66,15,5.0,42,No,No
CUST-0483,2026-03-28,21,41635.0,New,British Columbia,Social Media,New Product,2,Yes,Yes,13,1,104.89,15,52,36,5.0,65,Yes,No
CUST-0484,2026-02-14,46,82460.0,Returning,Alberta,Email,New Product,4,Yes,Yes,6,2,73.07,5,32,59,6.0,48,No,No
CUST-0485,2026-01-19,27,60829.0,Returning,Ontario,Email,Brand Awareness,6,No,No,9,0,71.22,25,28,38,7.0,55,Yes,Yes
CUST-0486,2026-03-17,47,90339.0,Loyal,Ontario,Social Media,Discount Offer,4,No,No,6,9,66.45,30,1,88,8.0,73,Yes,Yes
CUST-0487,2026-03-04,48,61279.0,New,Ontario,Social Media,Brand Awareness,1,No,No,6,0,175.29,15,62,31,5.0,32,No,No
CUST-0488,2026-01-19,52,63200.0,New,Quebec,Email,Discount Offer,3,Yes,No,4,0,85.99,25,72,0,6.0,0,No,No
CUST-0489,2026-01-18,26,71587.0,New,Quebec,Email,New Product,6,No,No,0,3,111.86,10,60,27,6.0,0,No,No
CUST-0490,2026-03-01,47,65706.0,Returning,Ontario,Social Media,New Product,5,No,No,0,7,69.65,15,40,52,6.0,44,No,No
CUST-0491,2026-03-01,35,64785.0,Returning,Quebec,SMS,Retargeting,2,Yes,No,3,5,118.34,20,40,54,7.0,32,No,No
CUST-0492,2026-03-13,47,44715.0,New,Alberta,Email,Brand Awareness,3,Yes,No,6,0,89.71,25,25,26,6.0,8,No,No
CUST-0493,2026-02-20,29,62461.0,Loyal,Ontario,Display Ads,Discount Offer,4,No,No,4,8,86.18,30,1,80,8.0,44,No,Yes
CUST-0494,2026-01-26,46,77520.0,At Risk,Alberta,Display Ads,New Product,5,No,No,0,0,112.53,5,119,47,5.0,68,No,No
CUST-0495,2026-02-15,33,93621.0,At Risk,British Columbia,Social Media,New Product,3,No,No,3,4,105.21,20,70,41,7.0,61,No,No
CUST-0496,2026-04-11,27,27459.0,New,Ontario,SMS,Retargeting,4,No,No,4,0,119.18,10,63,24,5.0,0,No,No
CUST-0497,2026-01-04,43,54812.0,At Risk,Ontario,Search Ads,New Product,5,No,No,9,0,64.73,10,92,14,4.0,6,Yes,No
CUST-0498,2026-04-19,26,67354.0,New,Quebec,SMS,Retargeting,4,No,No,4,0,,15,41,35,5.0,69,No,No
CUST-0499,2026-01-04,44,,Loyal,Ontario,Email,Discount Offer,4,Yes,Yes,5,5,77.26,15,43,81,7.0,3,Yes,Yes
CUST-0500,2026-04-20,34,54740.0,Loyal,Ontario,Display Ads,New Product,2,No,Yes,13,11,57.22,30,1,88,10.0,21,No,Yes
CUST-0501,2026-02-06,37,83198.0,Returning,Ontario,Email,Retargeting,4,Yes,Yes,9,6,158.59,10,41,67,6.0,39,No,Yes
CUST-0502,2026-04-29,33,23645.0,At Risk,Quebec,Social Media,Discount Offer,2,No,Yes,4,2,65.34,15,89,17,7.0,84,No,No
CUST-0503,2026-03-05,41,57868.0,Returning,Quebec,Display Ads,Brand Awareness,5,Yes,Yes,5,1,56.28,0,55,47,8.0,67,Yes,Yes
CUST-0504,2026-03-12,30,43054.0,Returning,Other,Display Ads,Discount Offer,7,No,No,6,6,37.46,10,11,59,6.0,49,No,Yes
CUST-0505,2026-01-24,18,79832.0,At Risk,Ontario,Social Media,New Product,5,No,Yes,12,2,29.38,20,28,12,7.0,64,Yes,Yes
CUST-0506,2026-04-10,33,50283.0,At Risk,Ontario,SMS,New Product,6,No,No,11,4,96.09,30,131,10,7.0,48,No,No
CUST-0507,2026-01-19,56,73191.0,At Risk,Quebec,Social Media,Discount Offer,2,No,No,8,1,158.26,30,120,32,,72,No,Yes
CUST-0508,2026-01-24,39,85597.0,Loyal,Ontario,SMS,Retargeting,3,Yes,No,8,12,120.43,15,1,82,8.0,46,Yes,Yes
CUST-0509,2026-04-05,20,55444.0,New,Other,Display Ads,Retargeting,4,No,No,2,1,58.73,0,25,57,5.0,51,No,No
CUST-0510,2026-02-05,43,35866.0,At Risk,Ontario,SMS,Retargeting,1,No,No,4,1,164.08,15,93,0,5.0,44,No,Yes
CUST-0511,2026-03-23,38,89524.0,Returning,British Columbia,Social Media,New Product,2,No,No,0,6,128.75,10,58,34,7.0,63,No,No
CUST-0512,2026-04-21,38,63534.0,At Risk,British Columbia,Email,Discount Offer,4,Yes,Yes,13,0,61.28,15,95,26,5.0,46,No,No
CUST-0513,2026-02-17,40,50531.0,New,Other,SMS,Retargeting,6,Yes,No,7,0,105.81,0,54,48,7.0,25,No,No
CUST-0514,2026-03-19,37,58443.0,Returning,Ontario,Email,Brand Awareness,3,Yes,No,7,2,111.7,0,27,60,7.0,85,Yes,Yes
CUST-0515,2026-04-04,26,48523.0,Loyal,British Columbia,Display Ads,Retargeting,6,Yes,No,4,6,84.42,0,1,100,7.0,0,No,Yes
CUST-0516,2026-04-23,21,57462.0,Returning,Quebec,Email,New Product,1,Yes,Yes,9,2,54.24,10,72,59,8.0,75,No,Yes
CUST-0517,2026-02-23,34,86745.0,New,Quebec,Social Media,Discount Offer,5,No,Yes,15,0,98.13,20,102,42,7.0,61,Yes,Yes
CUST-0518,2026-04-21,46,82627.0,At Risk,Ontario,Email,New Product,5,No,No,7,1,97.09,30,119,33,4.0,0,Yes,No
CUST-0519,2026-02-07,28,76901.0,New,Ontario,Search Ads,Discount Offer,2,Yes,No,9,3,126.86,25,33,47,5.0,55,No,No
CUST-0520,2026-02-13,31,27967.0,Loyal,Alberta,Search Ads,New Product,4,No,No,5,6,81.04,5,1,80,9.0,38,Yes,Yes
CUST-0521,2026-01-16,23,59023.0,,Ontario,SMS,New Product,4,Yes,No,0,6,46.41,15,3,55,6.0,35,No,Yes
CUST-0522,2026-03-04,29,63312.0,New,Ontario,SMS,Brand Awareness,5,Yes,Yes,12,2,36.53,0,44,32,7.0,24,No,No
CUST-0523,2026-02-15,45,64390.0,At Risk,British Columbia,Search Ads,New Product,4,Yes,No,2,3,55.34,15,84,30,6.0,55,No,No
CUST-0524,2026-04-23,37,46404.0,New,Ontario,Email,New Product,3,Yes,No,0,1,73.43,0,88,24,5.0,80,No,No
CUST-0525,2026-01-27,54,52297.0,New,Alberta,Search Ads,Discount Offer,4,No,Yes,13,0,104.72,30,74,16,6.0,42,No,No
CUST-0526,2026-04-23,55,70107.0,Returning,Ontario,Search Ads,Discount Offer,1,No,No,3,6,52.3,25,17,66,6.0,43,Yes,No
CUST-0527,2026-04-24,39,39139.0,Returning,Quebec,Email,Discount Offer,6,Yes,No,3,7,128.81,25,10,58,7.0,60,No,No
CUST-0528,2026-03-22,25,77301.0,Returning,Quebec,Search Ads,Retargeting,2,Yes,No,6,4,140.75,0,26,71,6.0,36,Yes,Yes
CUST-0529,2026-02-17,54,56012.0,New,Other,Social Media,Discount Offer,1,Yes,Yes,16,0,66.75,15,1,26,7.0,39,No,Yes
CUST-0530,2026-02-21,28,69667.0,At Risk,Ontario,Email,Retargeting,7,Yes,No,3,2,80.83,30,111,28,5.0,41,No,Yes
CUST-0531,2026-01-03,18,60961.0,New,British Columbia,Email,Retargeting,2,Yes,Yes,9,0,123.85,15,68,41,8.0,34,No,Yes
CUST-0532,2026-02-27,47,52252.0,At Risk,Ontario,Search Ads,New Product,4,Yes,Yes,11,3,56.25,0,91,52,5.0,77,No,Yes
CUST-0533,2026-04-18,31,83872.0,New,Quebec,Social Media,Brand Awareness,3,Yes,No,6,0,128.57,15,91,30,6.0,33,No,No
CUST-0534,2026-01-11,40,99345.0,New,Ontario,Social Media,Discount Offer,2,No,Yes,15,1,144.27,20,36,53,5.0,75,No,No
CUST-0535,2026-02-07,35,54108.0,New,Quebec,Email,Discount Offer,4,Yes,No,9,4,33.57,20,51,34,4.0,27,No,No
CUST-0536,2026-03-09,43,,Returning,Quebec,Display Ads,Discount Offer,2,Yes,No,7,0,58.0,20,58,87,6.0,33,Yes,No
CUST-0537,2026-02-06,18,43022.0,New,Other,Social Media,Discount Offer,4,No,Yes,9,2,114.71,10,60,15,4.0,58,No,No
CUST-0538,2026-03-17,48,40508.0,Returning,Quebec,Search Ads,Discount Offer,1,Yes,Yes,10,4,98.65,10,44,40,7.0,22,No,No
CUST-0539,2026-02-11,57,54519.0,Returning,Ontario,SMS,Discount Offer,4,No,No,7,5,113.97,20,41,55,6.0,40,No,Yes
CUST-0540,2026-04-11,38,45703.0,Returning,British Columbia,Display Ads,New Product,4,Yes,No,2,4,99.84,25,53,38,8.0,18,No,Yes
CUST-0541,2026-03-09,56,94353.0,Loyal,Alberta,Email,Retargeting,4,Yes,No,2,11,43.49,5,6,87,8.0,38,Yes,Yes
CUST-0542,2026-03-22,28,51880.0,At Risk,Quebec,SMS,Discount Offer,3,No,No,9,5,80.29,25,138,25,7.0,3,No,No
CUST-0543,2026-03-25,47,94507.0,Loyal,Ontario,Social Media,New Product,1,No,Yes,9,9,125.67,30,37,92,8.0,45,No,Yes
CUST-0544,2026-01-23,30,103693.0,Loyal,British Columbia,Social Media,Retargeting,4,No,No,0,7,47.71,25,44,90,8.0,55,Yes,Yes
CUST-0545,2026-03-22,36,76454.0,Returning,British Columbia,Email,Retargeting,5,Yes,Yes,11,4,78.85,15,80,74,7.0,50,No,No
CUST-0546,2026-02-04,40,23420.0,New,Ontario,Social Media,Brand Awareness,4,No,No,10,2,125.16,5,41,47,6.0,69,No,No
CUST-0547,2026-03-24,33,70131.0,Loyal,Quebec,Email,New Product,5,Yes,No,0,8,93.76,30,12,74,8.0,0,Yes,No
CUST-0548,2026-03-26,22,66300.0,Loyal,Alberta,Social Media,Retargeting,2,Yes,No,4,10,104.51,25,20,71,7.0,41,No,Yes
CUST-0549,2026-04-04,56,69219.0,Returning,Ontario,Display Ads,New Product,2,Yes,No,8,3,125.51,5,35,42,6.0,22,No,No
CUST-0550,2026-03-09,42,47502.0,Returning,British Columbia,Social Media,Discount Offer,8,No,No,3,1,78.4,15,6,49,7.0,67,No,Yes
CUST-0551,2026-02-25,53,98180.0,New,Other,Social Media,Retargeting,3,Yes,No,6,0,101.0,5,50,37,7.0,59,No,Yes
CUST-0552,2026-03-28,38,95408.0,Loyal,Quebec,Social Media,Discount Offer,1,No,No,5,5,41.61,15,38,75,7.0,100,Yes,Yes
CUST-0553,2026-01-06,44,42411.0,New,British Columbia,Social Media,New Product,4,Yes,No,5,0,43.1,20,87,23,5.0,76,No,Yes
CUST-0554,2026-01-21,27,69912.0,Loyal,Ontario,Social Media,New Product,4,No,No,4,9,134.34,30,52,97,7.0,84,No,Yes
CUST-0555,2026-01-15,27,42684.0,Returning,Other,Social Media,New Product,3,No,No,4,7,27.94,15,8,33,7.0,34,No,No
CUST-0556,2026-02-17,52,58727.0,Returning,Ontario,Search Ads,Discount Offer,6,Yes,No,3,3,46.31,20,81,64,7.0,43,No,Yes
CUST-0557,2026-02-14,32,77722.0,Loyal,Ontario,Social Media,New Product,5,No,No,5,7,99.56,25,6,87,7.0,62,No,No
CUST-0558,2026-02-21,49,55844.0,Loyal,British Columbia,Display Ads,New Product,2,Yes,Yes,10,8,36.45,15,1,59,8.0,25,Yes,Yes
CUST-0559,2026-04-06,52,78134.0,Loyal,Alberta,Display Ads,New Product,3,Yes,Yes,10,9,31.94,25,7,86,7.0,5,Yes,Yes
CUST-0560,2026-04-02,41,72203.0,New,Ontario,Social Media,Discount Offer,6,Yes,Yes,9,0,84.82,15,82,35,6.0,58,No,No
CUST-0561,2026-02-14,25,67627.0,Returning,Quebec,Social Media,New Product,3,No,Yes,15,3,64.0,25,46,70,5.0,75,No,Yes
CUST-0562,2026-01-17,35,61662.0,Returning,Quebec,Display Ads,New Product,1,Yes,No,2,2,34.32,30,55,75,7.0,25,No,Yes
CUST-0563,2026-03-23,38,72716.0,Returning,Ontario,Email,Discount Offer,3,No,No,13,3,59.08,20,28,48,6.0,35,No,No
CUST-0564,2026-02-23,42,50743.0,Returning,Quebec,Display Ads,New Product,6,No,No,6,3,70.98,10,63,59,5.0,37,No,No
CUST-0565,2026-02-19,33,35545.0,Returning,British Columbia,Email,Retargeting,5,No,No,7,3,75.23,15,66,44,4.0,71,No,No
CUST-0566,2026-03-24,40,90037.0,New,Alberta,Social Media,Discount Offer,1,No,No,3,2,115.8,20,39,28,5.0,64,No,Yes
CUST-0567,2026-03-19,29,50001.0,At Risk,Quebec,Email,Retargeting,4,No,No,5,6,79.05,0,107,0,6.0,23,No,No
CUST-0568,2026-04-12,35,60972.0,Returning,Ontario,Search Ads,New Product,5,No,No,0,0,81.71,15,37,51,8.0,11,No,Yes
CUST-0569,2026-01-05,44,81823.0,Returning,Alberta,SMS,Discount Offer,6,Yes,No,7,2,95.12,20,26,46,6.0,47,Yes,No
CUST-0570,2026-01-19,43,76549.0,New,Ontario,Social Media,Discount Offer,5,No,No,4,0,102.41,25,72,48,7.0,48,No,No
CUST-0571,2026-03-27,61,59919.0,Loyal,Quebec,SMS,Brand Awareness,7,Yes,Yes,12,11,51.23,15,14,65,6.0,16,Yes,No
CUST-0572,2026-01-05,39,51622.0,New,Alberta,Email,Retargeting,5,No,No,0,2,137.37,30,24,45,4.0,71,No,Yes
CUST-0573,2026-01-23,26,77998.0,New,Quebec,Search Ads,Brand Awareness,5,No,No,8,1,92.54,25,68,48,9.0,51,No,Yes
CUST-0574,2026-02-26,31,40423.0,New,Alberta,Email,Discount Offer,2,No,No,7,1,37.52,10,33,38,6.0,44,No,Yes
CUST-0575,2026-01-23,33,70927.0,New,Quebec,Social Media,New Product,6,No,Yes,11,0,47.24,30,31,34,6.0,49,No,Yes
CUST-0576,2026-01-13,28,63884.0,Loyal,Quebec,Email,Discount Offer,2,Yes,Yes,9,10,73.01,30,1,81,9.0,75,No,No
CUST-0577,2026-01-22,21,72955.0,Returning,Alberta,Email,Retargeting,4,Yes,No,8,5,108.0,20,43,78,7.0,54,No,No
CUST-0578,2026-03-14,32,53792.0,At Risk,British Columbia,SMS,Retargeting,4,No,No,2,3,59.13,5,81,51,5.0,25,No,No
CUST-0579,2026-04-05,20,80551.0,Returning,Ontario,SMS,Retargeting,7,Yes,No,4,4,146.94,10,37,55,6.0,51,No,Yes
CUST-0580,2026-01-08,41,87385.0,At Risk,Ontario,Email,Discount Offer,1,No,No,5,5,110.6,30,90,19,6.0,39,Yes,No
CUST-0581,2026-03-09,36,82845.0,At Risk,Ontario,Email,Brand Awareness,2,Yes,Yes,12,0,69.68,20,110,35,3.0,25,No,No
CUST-0582,2026-04-06,35,50757.0,Loyal,British Columbia,Display Ads,Brand Awareness,5,No,No,4,8,111.37,5,1,85,7.0,11,Yes,No
CUST-0583,2026-04-05,48,86338.0,Returning,Alberta,Display Ads,Retargeting,9,No,No,8,9,93.11,30,47,34,5.0,43,No,Yes
CUST-0584,2026-01-24,50,77387.0,New,Quebec,Email,Retargeting,1,No,Yes,5,1,55.0,10,1,41,7.0,41,No,No
CUST-0585,2026-03-15,30,84769.0,Loyal,Quebec,Display Ads,Discount Offer,3,No,Yes,7,7,112.87,15,8,70,6.0,50,No,No
CUST-0586,2026-01-30,52,40335.0,Returning,Ontario,Email,Discount Offer,5,No,Yes,10,0,55.44,30,66,49,7.0,54,No,No
CUST-0587,2026-03-06,40,82179.0,New,Quebec,Display Ads,Retargeting,2,No,No,7,0,119.87,15,63,57,5.0,35,No,No
CUST-0588,2026-04-20,37,50935.0,Loyal,Quebec,Email,Brand Awareness,3,Yes,No,2,8,49.92,10,1,80,9.0,44,Yes,Yes
CUST-0589,2026-01-20,31,76572.0,New,British Columbia,SMS,Discount Offer,3,No,No,0,6,100.61,25,44,41,6.0,70,No,Yes
CUST-0590,2026-02-21,34,63169.0,Returning,British Columbia,Email,Discount Offer,1,Yes,Yes,7,7,73.81,25,1,81,7.0,36,Yes,Yes
CUST-0591,2026-01-15,45,52652.0,Returning,Ontario,Display Ads,Retargeting,7,No,Yes,11,4,26.19,5,37,60,7.0,36,No,No
CUST-0592,2026-04-14,25,67049.0,At Risk,Alberta,Social Media,Retargeting,6,No,Yes,9,0,60.04,20,89,24,3.0,57,No,No
CUST-0593,2026-04-05,35,63394.0,New,Alberta,Social Media,Discount Offer,4,Yes,Yes,8,0,65.55,30,24,31,9.0,55,No,No
CUST-0594,2026-03-21,63,72209.0,Returning,Ontario,Email,Discount Offer,4,No,Yes,9,6,92.83,20,4,39,6.0,30,Yes,Yes
CUST-0595,2026-01-30,19,75416.0,Loyal,Ontario,Social Media,Retargeting,4,No,No,7,7,95.44,30,2,96,9.0,55,Yes,No
CUST-0596,2026-02-15,18,67370.0,Loyal,Ontario,Email,New Product,3,Yes,No,12,6,114.58,20,58,91,10.0,42,No,Yes
CUST-0597,2026-03-20,40,67292.0,Returning,Quebec,Email,New Product,1,No,No,5,5,66.87,30,4,38,5.0,42,No,No
CUST-0598,2026-01-08,31,64061.0,At Risk,Quebec,Social Media,New Product,4,No,No,2,5,82.36,25,104,18,5.0,80,No,No
CUST-0599,2026-03-28,46,81442.0,New,Other,SMS,Retargeting,3,No,No,6,1,126.09,5,68,32,6.0,34,No,Yes
CUST-0600,2026-01-06,21,,Loyal,Ontario,Email,Discount Offer,6,Yes,No,7,7,107.61,25,46,100,8.0,6,No,Yes
CUST-0021,2026-04-09,32,83350.0,Loyal,Alberta,Social Media,Retargeting,3,Yes,No,0,7,83.78,30,19,94,8.0,70,No,Yes
CUST-0146,2026-03-14,37,23927.0,Loyal,Other,Display Ads,New Product,3,No,No,13,5,82.43,10,33,89,6.0,46,No,No
CUST-0323,2026-02-26,34,44103.0,At Risk,Alberta,Social Media,Discount Offer,3,No,No,0,5,25.0,15,136,51,4.0,62,No,No
CUST-0451,2026-01-07,29,69998.0,New,Alberta,Social Media,Discount Offer,4,Yes,Yes,8,1,58.92,15,66,30,7.0,96,No,Yes
CUST-0511,2026-03-23,38,89524.0,Returning,British Columbia,Social Media,New Product,2,No,No,0,6,128.75,10,58,34,7.0,63,No,No
